Arbol,Altura,DAP,Latitud NG,Latitud NM,Latitud NS,Longitud OG,Longitud OM,Longitud OS,Especie,Acro,Crecimiento,Rep,Tip Rep,Orientacion,Cobertura,
1,20,29,19,29,10.4,97,2,19,Cladonia coniocraea,ClCon,Com,Sex,apot,NaN,NaN,
1,20,29,19,29,10.4,97,2,19,Fibrillithecis confusa,FiCon,Cos,Asex,Isid,Sur,4,
1,20,29,19,29,10.4,97,2,19,Herpothallon roseocintum,HeRos,Cos,Asex,Isid,Sur,18,
1,20,29,19,29,10.4,97,2,19,Herpothallon rubrocinctum,HeRub,Cos,Asex,Isid,Sur,6,
1,20,29,19,29,10.4,97,2,19,Hypotrachyna sp. ,HySp,Fol,NaN,NaN,Sur,8,
1,20,29,19,29,10.4,97,2,19,Ocellularia landronii,OcLa,Cos,Sex,Apot,Sur,44,
1,20,29,19,29,10.4,97,2,19,Ocellularia sp. 1,OcSp1,Cos,NaN,NaN,NaN,NaN,
1,20,29,19,29,10.4,97,2,19,Parmotrema rampoddense,PaRam,Fol,Asex,Sor,Sur,8,
1,20,29,19,29,10.4,97,2,19,Polyblastidium japonicum,PolJa,Fol,Asex,Sor,NaN,NaN,
1,20,29,19,29,10.4,97,2,19,Porina distans,PorDi,Cos,Asex,Isid,Norte,28,
1,20,29,19,29,10.4,97,2,19,Pyrenula fetivica,PyFet,Cos,Sex,Apot,NaN,NaN,
1,20,29,19,29,10.4,97,2,19,Sticta beauvoisii,StBea,Fol,Asex,Isid,NaN,NaN,
2,15,21,19,29,10.4,97,2,19,Ocellularia sp. 1,OcSp1,Cos,NaN,NaN,Sur,28,
2,15,21,19,29,10.4,97,2,19,Phyllopsora cf. swinscowii,PhSwi,Cos,Asex,Isid,Sur,24,
2,15,21,19,29,10.4,97,2,19,Phyllopsora sp.,PhlSp,Cos,NaN,NaN,Sur,10,
3,2,6,19,29,10.4,97,2,19,Graphis aff. immersicans,GrIm,Cos,Sex,Lirel,NaN,NaN,
3,2,6,19,29,10.4,97,2,19,Graphis conferta,GrCon,Cos,Sex,Lirel,NaN,NaN,
3,2,6,19,29,10.4,97,2,19,Graphis ingarum,GrIng,Cos,Sex,Lirel,NaN,NaN,
3,2,6,19,29,10.4,97,2,19,Herpothallon roseocintum,HeRos,Cos,Asex,Isid,NaN,NaN,
3,2,6,19,29,10.4,97,2,19,Ocellularia sp. 1,OcSp1,Cos,NaN,NaN,NaN,NaN,
3,2,6,19,29,10.4,97,2,19,Phlyctis boliviensis,PhBol,Cos,Sex,Apot,NaN,NaN,
4,4,6,19,29,10.4,97,2,19,Herpothallon philippinum,HePhi,Cos,Asex,Isid,NaN,NaN,
4,4,6,19,29,10.4,97,2,19,Herpothallon roseocintum,HeRos,Cos,Asex,Isid,NaN,NaN,
4,4,6,19,29,10.4,97,2,19,Ocellularia sp. 1,OcSp1,Cos,NaN,NaN,NaN,NaN,
5,25,70,19,29,10.4,97,2,19,Herpothallon sp.,HeSp,Cos,Asex,Isid,Oeste,48,
5,25,70,19,29,10.4,97,2,19,Ocellularia sp. 1,OcSp1,Cos,NaN,NaN,Oeste,116,
6,10,21,19,29,10.4,97,2,19,Herpothallon roseocintum,HeRos,Cos,Asex,Isid,NaN,NaN,
6,10,21,19,29,10.4,97,2,19,Malmidea vinosa,MaVin,Cos,Sex,Apot,NaN,NaN,
6,10,21,19,29,10.4,97,2,19,Pertusaria sp.,PeSp,Cos,NaN,NaN,NaN,NaN,
7,24,48,19,29,10.4,97,2,19,Herpothallon rubrocinctum,HeRub,Cos,Asex,Isid,Noroeste,16,
7,24,48,19,29,10.4,97,2,19,Sprucidea gymnopiperis,SpGym,Cos,Asex,Isid,Noroeste,52,
7,24,48,19,29,10.4,97,2,19,Thelotrema lepadium,ThLep,Cos,Sex,Apot,Noroeste,24,
8,17,31,19,29,10.4,97,2,19,Herpothallon rubrocinctum,HeRub,Cos,Asex,Isid,Sur,2,
8,17,31,19,29,10.4,97,2,19,Ocellularia sp. 1,OcSp1,Cos,NaN,NaN,Norte,200,
8,17,31,19,29,10.4,97,2,19,Ocellularia sp. 1,OcSp1,Cos,NaN,NaN,Sur,262,
9,23,53,19,29,10.5,97,2,18.9,Hypotrachyna cf. isidiocera,HyIsi,Fol,Asex,Isid,Sureste,5,
9,23,53,19,29,10.5,97,2,18.9,Parmotrema flavescens,PaFla,Fol,Asex,Isid,Sureste,8,
9,23,53,19,29,10.5,97,2,18.9,Parmotrema sp. ,PaSp,Fol,NaN,NaN,Sureste,4,
9,23,53,19,29,10.5,97,2,18.9,Punctelia sp.,PuSp,Fol,NaN,NaN,Sureste,16,
9,23,53,19,29,10.5,97,2,18.9,Usnea cf. brasiliensis,UsBra,Frut,Asex,Sor,Sureste,4,
10,5,8,19,29,10.5,97,2,18.9,Coenogonium sp.,ConSp,Cos,NaN,NaN,NaN,NaN,
10,5,8,19,29,10.5,97,2,18.9,Folioso sp,FoSp,Fol,,,NaN,NaN,
10,5,8,19,29,10.5,97,2,18.9,Graphis aff. dupaxana,GrDup,Cos,Sex,Lirel,NaN,NaN,
10,5,8,19,29,10.5,97,2,18.9,Graphis anfractuosa,GrAnf,Cos,Sex,Lirel,NaN,NaN,
10,5,8,19,29,10.5,97,2,18.9,Graphis conferta,GrCon,Cos,Sex,Lirel,NaN,NaN,
10,5,8,19,29,10.5,97,2,18.9,Graphis pinicola,GrPin,Cos,Sex,Lirel,NaN,NaN,
10,5,8,19,29,10.5,97,2,18.9,Graphis sp,GrSp,Cos,Sex,Lirel,NaN,NaN,
10,5,8,19,29,10.5,97,2,18.9,Hypotrachyna sp. ,HySp,Fol,NaN,NaN,NaN,NaN,
10,5,8,19,29,10.5,97,2,18.9,Malmidea vinosa,MaVin,Cos,Sex,Apot,NaN,NaN,
10,5,8,19,29,10.5,97,2,18.9,Punctelia sp.,PuSp,Fol,NaN,NaN,NaN,NaN,
11,11.8,29,19,29,10.5,97,2,18.9,Herpothallon philippinum,HePhi,Cos,Asex,Isid,Noreste,2.5,
11,11.8,29,19,29,10.5,97,2,18.9,Herpothallon rubrocinctum,HeRub,Cos,Asex,Isid,NaN,NaN,
12,6.2,9,19,29,10.5,97,2,18.9,Lopezaria versicolor,LoVer,Cos,Sex,Apot,NaN,NaN,
12,6.2,9,19,29,10.5,97,2,18.9,Malmidea vinosa,MaVin,Cos,Sex,Apot,NaN,NaN,
12,6.2,9,19,29,10.5,97,2,18.9,Porina nucula,PorNu,Cos,Sex,Perit,NaN,NaN,
12,6.2,9,19,29,10.5,97,2,18.9,Pseudopyrenula subnudata,PsSu,Cos,Sex,Perit,NaN,NaN,
12,6.2,9,19,29,10.5,97,2,18.9,Thelotrema lepadium,ThLep,Cos,Sex,Apot,NaN,NaN,
13,16.6,76,19,29,10.5,97,2,18.9,Fibrillithecis confusa,FiCon,Cos,Asex,Isid,Sur,20,
13,16.6,76,19,29,10.5,97,2,18.9,Herpothallon roseocintum,HeRos,Cos,Asex,Isid,Sur,4,
13,16.6,76,19,29,10.5,97,2,18.9,Hypotrachyna cf. isidiocera,HyIsi,Fol,Asex,Isid,Norte,8,
13,16.6,76,19,29,10.5,97,2,18.9,Parmotrema rampoddense,PaRam,Fol,Asex,Sor,Sur,30,
13,16.6,76,19,29,10.5,97,2,18.9,Usnea cf. filipendula,UsFil,Frut,Asex,Isid,Norte,8,
13,16.6,76,19,29,10.5,97,2,18.9,Usnea cf. subfloridana,UsSub,Frut,Asex,Sor,Norte,58,
14,12.5,36,19,29,13.1,97,2,20.7,Cladonia sp.,ClSp,Com,NaN,NaN,NaN,NaN,
14,12.5,36,19,29,13.1,97,2,20.7,Hypotrachyna cf. isidiocera,HyIsi,Fol,Asex,Isid,Noreste,12,
14,12.5,36,19,29,13.1,97,2,20.7,Hypotrachyna imbricatula,HyImb,Fol,Sex,Apot,NaN,NaN,
14,12.5,36,19,29,13.1,97,2,20.7,Hypotrachyna vexans,HyVex,Fol,Asex,Isid,Noreste,18,
14,12.5,36,19,29,13.1,97,2,20.7,Parmotrema cf. subarnoldii,PaSba,Fol,Asex,Sor,NaN,NaN,
14,12.5,36,19,29,13.1,97,2,20.7,Parmotrema flavescens,PaFla,Fol,Asex,Isid,Suroeste,18,
14,12.5,36,19,29,13.1,97,2,20.7,Parmotrema reticulatum,PaRet,Fol,Asex,Sor,Suroeste,8,
14,12.5,36,19,29,13.1,97,2,20.7,Parmotrema subisidiosum,PaSub,Fol,Asex,Isid,Suroeste,94,
14,12.5,36,19,29,13.1,97,2,20.7,Punctelia hypoleucites,PuHyp,Fol,Sex,Apot,NaN,NaN,
14,12.5,36,19,29,13.1,97,2,20.7,Usnea cf. filipendula,UsFil,Frut,Asex,Isid,Noreste,4,
14,12.5,36,19,29,13.1,97,2,20.7,Usnea cf. mexicana,UsMex,Frut,Asex,Sor,Noreste,56,
14,12.5,36,19,29,13.1,97,2,20.7,Usnea cf. mexicana,UsMex,Frut,Asex,Sor,Suroeste,108,
14,12.5,36,19,29,13.1,97,2,20.7,Usnea cf. subfloridana,UsSub,Frut,Asex,Sor,NaN,NaN,
15,14,35,19,29,13.1,97,2,20.7,Hypotrachyna cf. dentella,HyDe,Fol,Asex,Isid,Noroeste,22,
15,14,35,19,29,13.1,97,2,20.7,Hypotrachyna cf. isidiocera,HyIsi,Fol,Asex,Isid,NaN,NaN,
15,14,35,19,29,13.1,97,2,20.7,Hypotrachyna sp. isidiada,HySpI,Fol,Asex,Isid,Noroeste,20,
15,14,35,19,29,13.1,97,2,20.7,Hypotrachyna vexans,HyVex,Fol,Asex,Isid,NaN,NaN,
15,14,35,19,29,13.1,97,2,20.7,Parmotrema reticulatum,PaRet,Fol,Asex,Sor,Noroeste,16,
15,14,35,19,29,13.1,97,2,20.7,Phyllopsora sp.,PhlSp,Cos,NaN,NaN,Sureste,92,
15,14,35,19,29,13.1,97,2,20.7,Phyllopsora sp.,PhlSp,Cos,NaN,NaN,NaN,NaN,
15,14,35,19,29,13.1,97,2,20.7,Polyblastidium japonicum,PolJa,Fol,Asex,Sor,NaN,NaN,
15,14,35,19,29,13.1,97,2,20.7,Punctelia hypoleucites,PuHyp,Fol,Sex,Apot,NaN,NaN,
15,14,35,19,29,13.1,97,2,20.7,Usnea cf. mexicana,UsMex,Frut,Asex,Sor,Noroeste,116,
16,15,45,19,29,13.1,97,2,20.7,Cladonia coniocraea,ClCon,Com,Sex,apot,NaN,NaN,
16,15,45,19,29,13.1,97,2,20.7,Cladonia dydima,ClDyd,Com,Sex,apot,NaN,NaN,
16,15,45,19,29,13.1,97,2,20.7,Cresponea chloroconia,CrChl,Cos,Sex,apot,Suroeste,114,
16,15,45,19,29,13.1,97,2,20.7,Cresponea chloroconia,CrChl,Cos,Sex,apot,NaN,NaN,
16,15,45,19,29,13.1,97,2,20.7,Herpothallon rubrocinctum,HeRub,Cos,Asex,Isid,NaN,NaN,
16,15,45,19,29,13.1,97,2,20.7,Hypotrachyna cf. isidiocera,HyIsi,Fol,Asex,Isid,NaN,NaN,
16,15,45,19,29,13.1,97,2,20.7,Hypotrachyna cf. punoensis,HyPun,Fol,Asex,Sor,NaN,NaN,
16,15,45,19,29,13.1,97,2,20.7,Parmotrema cf. subarnoldii,PaSba,Fol,Asex,Sor,Noreste,22,
16,15,45,19,29,13.1,97,2,20.7,Parmotrema flavescens,PaFla,Fol,Asex,Isid,Noreste,4,
16,15,45,19,29,13.1,97,2,20.7,Parmotrema flavescens,PaFla,Fol,Asex,Isid,Suroeste,16,
16,15,45,19,29,13.1,97,2,20.7,Parmotrema rampoddense,PaRam,Fol,Asex,Sor,Suroeste,32,
16,15,45,19,29,13.1,97,2,20.7,Usnea cf. mexicana,UsMex,Frut,Asex,Sor,Noreste,200,
16,15,45,19,29,13.1,97,2,20.7,Usnea cf. rubicunda,UsRub,Frut,Asex,Sor,Noreste,52,
16,15,45,19,29,13.1,97,2,20.7,Usnea cf. subfloridana,UsSub,Frut,Asex,Sor,Noreste,284,
17,16,49,19,29,13.1,97,2,20.7,Graphis mexicana,GrMex,Cos,Sex,Lirel,Suroeste,68,
17,16,49,19,29,13.1,97,2,20.7,Hypotrachyna cf. isidiocera,HyIsi,Fol,Asex,Isid,Noreste,12,
17,16,49,19,29,13.1,97,2,20.7,Hypotrachyna cf. neocrenata,HyNeo,Fol,Asex,Isid,Suroeste,38.68,
17,16,49,19,29,13.1,97,2,20.7,Hypotrachyna cf. pseudosinuosa,HyPse,Fol,Asex,Sor,NaN,NaN,
17,16,49,19,29,13.1,97,2,20.7,Hypotrachyna sp. isidiada,HyIsi,Fol,Asex,Isid,Suroeste,77.36,
17,16,49,19,29,13.1,97,2,20.7,Parmeliella sp.,ParSp,Fol,NaN,NaN,Suroeste,4,
17,16,49,19,29,13.1,97,2,20.7,Parmotrema cf. subarnoldii,PaSba,Fol,Asex,Sor,Suroeste,124,
17,16,49,19,29,13.1,97,2,20.7,Parmotrema reticulatum,PaRet,Fol,Asex,Sor,Noreste,28,
17,16,49,19,29,13.1,97,2,20.7,Usnea cf. subfloridana,UsSub,Fol,Asex,Sor,Noreste,108,
18,7.5,7,19,29,13.1,97,2,20.7,Folioso sp,FoSp,Fol,,,NaN,NaN,
18,7.5,7,19,29,13.1,97,2,20.7,Herpothallon rubrocinctum,HeRub,Cos,Asex,Isid,NaN,NaN,
18,7.5,7,19,29,13.1,97,2,20.7,Malmidea vinosa,MaVin,Cos,Sex,Apot,NaN,NaN,
18,7.5,7,19,29,13.1,97,2,20.7,Ocellularia landronii,OcLa,Cos,Sex,Apot,NaN,NaN,
18,7.5,7,19,29,13.1,97,2,20.7,Parmotrema peralbidum,PaPer,Fol,Sex,Apot,NaN,NaN,
18,7.5,7,19,29,13.1,97,2,20.7,Parmotrema reticulatum,PaRet,Fol,Asex,Sor,NaN,NaN,
19,11,44,19,29,13.1,97,2,20.7,Herpothallon rubrocinctum,HeRub,Cos,Asex,Isid,Suroeste,4.8,
20,15,28,19,29,14.8,97,2,22.4,Graphis rimulosa,GrRim,Cos,Sex,Lirel,Sureste,10,
20,15,28,19,29,14.8,97,2,22.4,Hypotrachyna sp. ,HySp,Fol,NaN,NaN,Sureste,4,
20,15,28,19,29,14.8,97,2,22.4,Hypotrachyna sp. isidiada,HySpI,Fol,Asex,Isid,Noroeste,26,
20,15,28,19,29,14.8,97,2,22.4,Parmotrema cf. subarnoldii,PaSba,Fol,Asex,Sor,NaN,NaN,
20,15,28,19,29,14.8,97,2,22.4,Parmotrema flavescens,PaFla,Fol,Asex,Isid,Noroeste,148,
20,15,28,19,29,14.8,97,2,22.4,Pertusaria cf. tetrathalamia,PeTet,Cos,Sex,Apot,Sureste,10,
20,15,28,19,29,14.8,97,2,22.4,Thelotrema lepadium,ThLep,Cos,Sex,Apot,Noroeste,8,
20,15,28,19,29,14.8,97,2,22.4,Usnea cf. mexicana,UsMex,Frut,Asex,Sor,Sureste,20,
20,15,28,19,29,14.8,97,2,22.4,Usnea cf. subfloridana,UsSub,Frut,Asex,Sor,Noroeste,12,
20,15,28,19,29,14.8,97,2,22.4,Usnea sp.,UsSp,Frut,NaN,NaN,Noroeste,4,
21,4,8,19,29,14.8,97,2,22.4,Herpothallon rubrocinctum,HeRub,Cos,Asex,Isid,NaN,NaN,
21,4,8,19,29,14.8,97,2,22.4,Hypotrachyna sp. ,HySp,Fol,NaN,NaN,NaN,NaN,
21,4,8,19,29,14.8,97,2,22.4,Leptogium azureum,LeAzu,Fol,Sex,Apot,NaN,NaN,
21,4,8,19,29,14.8,97,2,22.4,Parmotrema cf. latissimum,PaLat,Fol,Sex,Apot,NaN,NaN,
21,4,8,19,29,14.8,97,2,22.4,Parmotrema flavescens,PaFla,Fol,Asex,Isid,NaN,NaN,
21,4,8,19,29,14.8,97,2,22.4,Parmotrema reticulatum,PaRet,Fol,Asex,Sor,NaN,NaN,
21,4,8,19,29,14.8,97,2,22.4,Parmotrema sp. ,PaSp,Fol,NaN,NaN,NaN,NaN,
22,2.5,3,19,29,14.8,97,2,22.4,Brigantiaea leucoxantha,BrLeu,Cos,Sex,apot,NaN,NaN,
22,2.5,3,19,29,14.8,97,2,22.4,Graphis aff. dupaxana,GrDup,Cos,Sex,Lirel,NaN,NaN,
22,2.5,3,19,29,14.8,97,2,22.4,Graphis aff. immersicans,GrIm,Cos,Sex,Lirel,NaN,NaN,
22,2.5,3,19,29,14.8,97,2,22.4,Graphis conferta,GrCon,Cos,Sex,Lirel,NaN,NaN,
22,2.5,3,19,29,14.8,97,2,22.4,Graphis ingarum,GrIng,Cos,Sex,Lirel,NaN,NaN,
22,2.5,3,19,29,14.8,97,2,22.4,Graphis pinicola,GrPin,Cos,Sex,Lirel,NaN,NaN,
22,2.5,3,19,29,14.8,97,2,22.4,Graphis prunicola,GrPru,Cos,Sex,Lirel,NaN,NaN,
22,2.5,3,19,29,14.8,97,2,22.4,Graphis ruiziana,GrRui,Cos,Sex,Lirel,NaN,NaN,
22,2.5,3,19,29,14.8,97,2,22.4,Graphis sp.,GrSp,Cos,Sex,Lirel,NaN,NaN,
22,2.5,3,19,29,14.8,97,2,22.4,Hemithecium implicatum,HeImp,Cos,Sex,Lirel,NaN,NaN,
22,2.5,3,19,29,14.8,97,2,22.4,Malmidea vinosa,MaVin,Cos,Sex,Apot,NaN,NaN,
22,2.5,3,19,29,14.8,97,2,22.4,Ocellularia praestantoides,OcPra,Cos,Sex,Apot,NaN,NaN,
22,2.5,3,19,29,14.8,97,2,22.4,Phaeographis spondaica,PhSpo,Cos,Sex,Lirel,NaN,NaN,
22,2.5,3,19,29,14.8,97,2,22.4,Pseudopyrenula subnudata,PsSu,Cos,Sex,Perit,NaN,NaN,
22,2.5,3,19,29,14.8,97,2,22.4,Usnea cf. subfloridana,UsSub,Frut,Asex,Sor,NaN,NaN,
23,15,6,19,29,14.8,97,2,22.4,Herpothallon philippinum,HePhi,Cos,Asex,Isid,NaN,NaN,
23,15,6,19,29,14.8,97,2,22.4,Herpothallon rubrocinctum,HeRub,Cos,Asex,Isid,NaN,NaN,
23,15,6,19,29,14.8,97,2,22.4,Hypotrachyna sp. isidiada,HySpI,Fol,Asex,Isid,Noroeste,28,
23,15,6,19,29,14.8,97,2,22.4,Hypotrachyna vexans,HyVex,Fol,Asex,Isid,NaN,NaN,
23,15,6,19,29,14.8,97,2,22.4,Lopezaria versicolor,LoVer,Cos,Sex,Apot,Noroeste,44,
23,15,6,19,29,14.8,97,2,22.4,Parmotrema flavescens,PaFla,Fol,Asex,Isid,Noroeste,8,
23,15,6,19,29,14.8,97,2,22.4,Punctelia hypoleucites,PuHyp,Fol,Sex,Apot,Noroeste,60,
23,15,6,19,29,14.8,97,2,22.4,Usnea cf. mexicana,UsMex,Frut,Asex,Sor,Noroeste,68,
24,6,10,19,29,14.8,97,2,22.4,Hypotrachyna sp. isidiada,HyIsi,Fol,Asex,Isid,NaN,NaN,
24,6,10,19,29,14.8,97,2,22.4,Parmotrema cf. subarnoldii,PaSba,Fol,Asex,Sor,NaN,NaN,
24,6,10,19,29,14.8,97,2,22.4,Parmotrema rampoddense,PaRam,Fol,Asex,Sor,NaN,NaN,
24,6,10,19,29,14.8,97,2,22.4,Parmotrema sp. ,PaSp,Fol,NaN,NaN,NaN,NaN,
24,6,10,19,29,14.8,97,2,22.4,Punctelia hypoleucites,PuHyp,Fol,Sex,Apot,NaN,NaN,
25,2.5,4,19,29,14.8,97,2,22.4,Parmotrema flavescens,PaFla,Fol,Asex,Isid,NaN,NaN,
25,2.5,4,19,29,14.8,97,2,22.4,Parmotrema peralbidum,PaPer,Fol,Sex,Apot,NaN,NaN,
25,2.5,4,19,29,14.8,97,2,22.4,Parmotrema rampoddense,PaRam,Fol,Asex,Sor,NaN,NaN,
25,2.5,4,19,29,14.8,97,2,22.4,Parmotrema reticulatum,PaRet,Fol,Asex,Sor,NaN,NaN,
25,2.5,4,19,29,14.8,97,2,22.4,Polyblastidium japonicum,PolJa,Fol,Asex,Sor,NaN,NaN,
25,2.5,4,19,29,14.8,97,2,22.4,Usnea cf. brasiliensis,UsBra,Frut,Asex,Sor,NaN,NaN,
26,10,18,19,29,14.8,97,2,22.4,Hypotrachyna cf. pulvinata,HyPul,Fol,Sex,Apot,Noreste,22,
26,10,18,19,29,14.8,97,2,22.4,Sticta beauvoisii,StBea,Fol,Asex,Isid,NaN,NaN,
27,15,18,19,29,14.8,97,2,22.4,Herpothallon roseocintum,HeRos,Cos,Asex,Isid,Sur,2.8,
27,15,18,19,29,14.8,97,2,22.4,Hypotrachyna cf. pulvinata,HyPul,Fol,Sex,Apot,Norte,4,
27,15,18,19,29,14.8,97,2,22.4,Lopezaria versicolor,LoVer,Cos,Sex,Apot,Norte,12,
27,15,18,19,29,14.8,97,2,22.4,Megalospora sulphurata,MeSul,Cos,Sex,Apot,Sur,24,
27,15,18,19,29,14.8,97,2,22.4,Parmotrema flavescens,PaFla,Fol,Asex,Isid,Norte,44,
27,15,18,19,29,14.8,97,2,22.4,Parmotrema reticulatum,PaRet,Fol,Asex,Sor,NaN,NaN,
27,15,18,19,29,14.8,97,2,22.4,Polyblastidium japonicum,PolJa,Fol,Asex,Sor,Norte,4,
27,15,18,19,29,14.8,97,2,22.4,Remototrachyna aff. costaricensis,ReCst,Fol,Asex,Isid,Norte,54,
28,15,17,19,29,14.8,97,2,22.4,Brigantiaea leucoxantha,BrLeu,Cos,Sex,apot,Norte,20,
28,15,17,19,29,14.8,97,2,22.4,Fibrillithecis confusa,FiCon,Cos,Asex,Isid,sur,10,
28,15,17,19,29,14.8,97,2,22.4,Herpothallon rubrocinctum,HeRub,Cos,Asex,Isid,sur,8,
28,15,17,19,29,14.8,97,2,22.4,Leptogium milligranum,LeMil,Fol,Asex,Isid,Norte,12,
28,15,17,19,29,14.8,97,2,22.4,Leucodermia cf. appalachensis,LeApp,Fol,Asex,Sor,Norte,5.2,
28,15,17,19,29,14.8,97,2,22.4,Parmotrema cf. subarnoldii,PaSba,Fol,Asex,Sor,sur,52,
28,15,17,19,29,14.8,97,2,22.4,Polyblastidium japonicum,PolJa,Fol,Asex,Sor,sur,14,
28,15,17,19,29,14.8,97,2,22.4,Usnea cf. brasiliensis,UsBra,Frut,Asex,Sor,sur,20,
29,8,11,19,29,14.8,97,2,22.4,Fibrillithecis confusa,FiCon,Cos,Asex,Isid,NaN,NaN,
29,8,11,19,29,14.8,97,2,22.4,Herpothallon roseocintum,HeRos,Cos,Asex,Isid,NaN,NaN,
29,8,11,19,29,14.8,97,2,22.4,Herpothallon rubrocinctum,HeRub,Cos,Asex,Isid,NaN,NaN,
29,8,11,19,29,14.8,97,2,22.4,Parmotrema sp. ,PaSp,Fol,NaN,NaN,NaN,NaN,
29,8,11,19,29,14.8,97,2,22.4,Parmotrema subisidiosum,PaSub,Fol,Asex,Isid,NaN,NaN,
30,6,9,19,29,14.8,97,2,22.4,Graphis aff. dupaxana,GrDup,Cos,Sex,Lirel,NaN,NaN,
30,6,9,19,29,14.8,97,2,22.4,Graphis rimulosa,GrRim,Cos,Sex,Lirel,NaN,NaN,
30,6,9,19,29,14.8,97,2,22.4,Leucodermia cf. appalachensis,LeApp,Fol,Asex,Sor,NaN,NaN,
30,6,9,19,29,14.8,97,2,22.4,Lopezaria versicolor,LoVer,Cos,Sex,Apot,NaN,NaN,
30,6,9,19,29,14.8,97,2,22.4,Malmidea vinosa,MaVin,Cos,Sex,Apot,NaN,NaN,
30,6,9,19,29,14.8,97,2,22.4,Phaeographis aff. dendritica,PhDen,Cos,Sex,Lirel,NaN,NaN,
30,6,9,19,29,14.8,97,2,22.4,Thalloloma sp.,ThSp,Cos,NaN,NaN,NaN,NaN,
31,13,12,19,29,14.8,97,2,22.4,Brigantiaea leucoxantha,BrLeu,Cos,Sex,apot,NaN,NaN,
31,13,12,19,29,14.8,97,2,22.4,Herpothallon philippinum,HePhi,Cos,Asex,Isid,NaN,NaN,
31,13,12,19,29,14.8,97,2,22.4,Herpothallon roseocintum,HeRos,Cos,Asex,Isid,NaN,NaN,
31,13,12,19,29,14.8,97,2,22.4,Ocellularia landronii,OcLa,Cos,Sex,Apot,NaN,NaN,
31,13,12,19,29,14.8,97,2,22.4,Parmotrema sp. ,PaSp,Fol,NaN,NaN,NaN,NaN,
31,13,12,19,29,14.8,97,2,22.4,Polyblastidium japonicum,PolJa,Fol,Asex,Sor,NaN,NaN,
32,24,44,19,29,14.8,97,2,22.4,Graphis mexicana,GrMex,Cos,Sex,Lirel,NaN,NaN,
32,24,44,19,29,14.8,97,2,22.4,Graphis rimulosa,GrRim,Cos,Sex,Lirel,NaN,NaN,
32,24,44,19,29,14.8,97,2,22.4,Herpothallon rubrocinctum,HeRub,Cos,Asex,Isid,Norte,96,
32,24,44,19,29,14.8,97,2,22.4,Hypotrachyna sp. ,HySp,Fol,NaN,NaN,NaN,NaN,
32,24,44,19,29,14.8,97,2,22.4,Hypotrachyna vexans,HyVex,Fol,Asex,Isid,sur,14,
33,20,25,19,29,14.8,97,2,22.4,Fibrillithecis confusa,FiCon,Cos,Asex,Isid,Noroeste,10,
33,20,25,19,29,14.8,97,2,22.4,Herpothallon rubrocinctum,HeRub,Cos,Asex,Isid,Noroeste,2,
33,20,25,19,29,14.8,97,2,22.4,Herpothallon rubrocinctum,HeRub,Cos,Asex,Isid,Sureste,16,
33,20,25,19,29,14.8,97,2,22.4,Hypotrachyna sp. ,HySp,Fol,NaN,NaN,Noroeste,24,
33,20,25,19,29,14.8,97,2,22.4,Lopezaria versicolor,LoVer,Cos,Sex,Apot,Sureste,236,
33,20,25,19,29,14.8,97,2,22.4,Parmotrema reticulatum,PaRet,Fol,Asex,Sor,Noroeste,28,
33,20,25,19,29,14.8,97,2,22.4,Parmotrema subisidiosum,PaSub,Fol,Asex,Isid,Sureste,20,
33,20,25,19,29,14.8,97,2,22.4,Polyblastidium japonicum,PolJa,Fol,Asex,Sor,Noroeste,10,
34,24,25,19,29,14.8,97,2,22.4,Brigantiaea leucoxantha,BrLeu,Cos,Sex,apot,Noroeste,56,
34,24,25,19,29,14.8,97,2,22.4,Herpothallon roseocintum,HeRos,Cos,Asex,Isid,Noroeste,6,
34,24,25,19,29,14.8,97,2,22.4,Herpothallon rubrocinctum,HeRub,Cos,Asex,Isid,Sureste,4.8,
34,24,25,19,29,14.8,97,2,22.4,Heterodermia c.f. isidiophora,HeIsi,Fol,Asex,Isid,Noroeste,24,
34,24,25,19,29,14.8,97,2,22.4,Parmeliella sp.,ParSp,Fol,NaN,NaN,Noroeste,18,
34,24,25,19,29,14.8,97,2,22.4,Parmotrema cf. latissimum,PaLat,Fol,Sex,Apot,Noroeste,96,
35,1.5,4,19,29,14.8,97,2,22.4,Hemithecium implicatum,HeImp,Cos,Sex,Lirel,NaN,NaN,
35,1.5,4,19,29,14.8,97,2,22.4,Malmidea vinosa,MaVin,Cos,Sex,Apot,NaN,NaN,
35,1.5,4,19,29,14.8,97,2,22.4,Ocellularia landronii,OcLa,Cos,Sex,Apot,NaN,NaN,
35,1.5,4,19,29,14.8,97,2,22.4,Parmotrema subisidiosum,PaSub,Fol,Asex,Isid,NaN,NaN,
36,1.3,5,19,29,14.8,97,2,22.4,Cresponea sp.,CrChl,Cos,Sex,apot,NaN,NaN,
36,1.3,5,19,29,14.8,97,2,22.4,Graphis aff. immersicans,GrIm,Cos,Sex,Lirel,NaN,NaN,
36,1.3,5,19,29,14.8,97,2,22.4,Herpothallon rubrocinctum,HeRub,Cos,Asex,Isid,NaN,NaN,
36,1.3,5,19,29,14.8,97,2,22.4,Hyperphyscia adglutinata,HyAdg,Fol,Asex,Sor,NaN,NaN,
36,1.3,5,19,29,14.8,97,2,22.4,Lopezaria versicolor,LoVer,Cos,Sex,Apot,NaN,NaN,
36,1.3,5,19,29,14.8,97,2,22.4,Ocellularia landronii,OcLa,Cos,Sex,Apot,NaN,NaN,
36,1.3,5,19,29,14.8,97,2,22.4,Parmotrema cf. subarnoldii,PaSba,Fol,Asex,Sor,NaN,NaN,
37,2,7,19,29,14.8,97,2,22.4,Fibrillithecis confusa,FiCon,Cos,Asex,Isid,NaN,NaN,
37,2,7,19,29,14.8,97,2,22.4,Graphis chlorotica,GrChl,Cos,Sex,Lirel,NaN,NaN,
37,2,7,19,29,14.8,97,2,22.4,Leptogium azureum,LeAzu,Fol,Sex,Apot,NaN,NaN,
37,2,7,19,29,14.8,97,2,22.4,Parmotrema peralbidum,PaPer,Fol,Sex,Apot,NaN,NaN,
37,2,7,19,29,14.8,97,2,22.4,Thelotrema lepadium,ThLep,Cos,Sex,Apot,NaN,NaN,
37,2,7,19,29,14.8,97,2,22.4,Usnea cf. subfloridana,UsSub,Frut,Asex,Sor,NaN,NaN,
38,8,11,19,29,14.8,97,2,22.4,Fibrillithecis confusa,FiCon,Cos,Asex,Isid,NaN,NaN,
38,8,11,19,29,14.8,97,2,22.4,Graphis ingarum,GrIng,Cos,Sex,Lirel,NaN,NaN,
38,8,11,19,29,14.8,97,2,22.4,Herpothallon rubrocinctum,HeRub,Cos,Asex,Isid,NaN,NaN,
38,8,11,19,29,14.8,97,2,22.4,Leucodermia cf. appalachensis,LeApp,Fol,Asex,Sor,NaN,NaN,
38,8,11,19,29,14.8,97,2,22.4,Polyblastidium japonicum,PolJa,Fol,Asex,Sor,NaN,NaN,
38,8,11,19,29,14.8,97,2,22.4,Punctelia hypoleucites,PuHyp,Fol,Sex,Apot,NaN,NaN,
39,1.5,1,19,29,14.8,97,2,22.4,Graphis aff. dupaxana,GrDup,Cos,Sex,Lirel,NaN,NaN,
39,1.5,1,19,29,14.8,97,2,22.4,Graphis aff. immersicans,GrIm,Cos,Sex,Lirel,NaN,NaN,
39,1.5,1,19,29,14.8,97,2,22.4,Graphis pinicola,GrPin,Cos,Sex,Lirel,NaN,NaN,
39,1.5,1,19,29,14.8,97,2,22.4,Graphis rimulosa,GrRim,Cos,Sex,Lirel,NaN,NaN,
39,1.5,1,19,29,14.8,97,2,22.4,Malmidea vinosa,MaVin,Cos,Sex,Apot,NaN,NaN,
39,1.5,1,19,29,14.8,97,2,22.4,Ocellularia praestantoides,OcPra,Cos,Sex,Apot,NaN,NaN,
40,13,55,19,29,14.8,97,2,22.4,Hypotrachyna cf. punoensis,HyPun,Fol,Asex,Sor,NaN,NaN,
40,13,55,19,29,14.8,97,2,22.4,Hypotrachyna vexans,HyVex,Fol,Asex,Isid,NaN,NaN,
40,13,55,19,29,14.8,97,2,22.4,Parmotrema cf. latissimum,PaLat,Fol,Sex,Apot,Sureste,40,
40,13,55,19,29,14.8,97,2,22.4,Parmotrema flavescens,PaFla,Fol,Asex,Isid,Sureste,56,
40,13,55,19,29,14.8,97,2,22.4,Parmotrema rampoddense,PaRam,Fol,Asex,Sor,Sureste,72,
40,13,55,19,29,14.8,97,2,22.4,Parmotrema sp. ,PaSp,Fol,NaN,NaN,NaN,NaN,
40,13,55,19,29,14.8,97,2,22.4,Sticta beauvoisii,StBea,Fol,Asex,Isid,NaN,NaN,
40,13,55,19,29,14.8,97,2,22.4,Usnea cf. mexicana,UsMex,Frut,Asex,Sor,NaN,NaN,
41,15,28,19,29,16.4,97,2,24.1,Anzia americana,AnAm,Fol,Asex,sor,Suroeste,8,
41,15,28,19,29,16.4,97,2,24.1,Cladonia coniocraea,ClCon,Com,Sex,apot,Noreste,8,
41,15,28,19,29,16.4,97,2,24.1,Graphis mexicana,GrMex,Cos,Sex,Lirel,NaN,NaN,
41,15,28,19,29,16.4,97,2,24.1,Herpothallon philippinum,HePhi,Cos,Asex,Isid,NaN,NaN,
41,15,28,19,29,16.4,97,2,24.1,Herpothallon rubrocinctum,HeRub,Cos,Asex,Isid,NaN,NaN,
41,15,28,19,29,16.4,97,2,24.1,Hypotrachyna cf. isidiocera,HyIsi,Fol,Asex,Isid,Suroeste,8,
41,15,28,19,29,16.4,97,2,24.1,Hypotrachyna cf. pseudosinuosa,HyPse,Fol,Asex,Sor,Suroeste,10,
41,15,28,19,29,16.4,97,2,24.1,Ocellularia landronii,OcLa,Cos,Sex,Apot,NaN,NaN,
41,15,28,19,29,16.4,97,2,24.1,Parmotrema cf. latissimum,PaLat,Fol,Sex,Apot,Noreste,16,
41,15,28,19,29,16.4,97,2,24.1,Parmotrema flavescens,PaFla,Fol,Asex,Isid,Suroeste,56,
41,15,28,19,29,16.4,97,2,24.1,Polyblastidium japonicum,PolJa,Fol,Asex,Sor,Suroeste,12,
41,15,28,19,29,16.4,97,2,24.1,Sprucidea gymnopiperis,SpGym,Cos,Asex,Isid,NaN,NaN,
41,15,28,19,29,16.4,97,2,24.1,Usnea cf. brasiliensis,UsBra,Frut,Asex,Sor,NaN,NaN,
42,16,16,19,29,16.4,97,2,24.1,Herpothallon rubrocinctum,HeRub,Cos,Asex,Isid,Noreste,8,
42,16,16,19,29,16.4,97,2,24.1,Herpothallon rubrocinctum,HeRub,Cos,Asex,Isid,Suroeste,32,
42,16,16,19,29,16.4,97,2,24.1,Parmotrema flavescens,PaFla,Fol,Asex,Isid,Noreste,4,
42,16,16,19,29,16.4,97,2,24.1,Phyllopsora sp.,PhlSp,Cos,NaN,NaN,Noreste,144,
42,16,16,19,29,16.4,97,2,24.1,Phyllopsora sp.,PhlSp,Cos,NaN,NaN,Suroeste,24,
43,17,21,19,29,16.4,97,2,24.1,Cladonia coniocraea,ClCon,Com,Sex,apot,Norte,4,
43,17,21,19,29,16.4,97,2,24.1,Fibrillithecis confusa,FiCon,Cos,Asex,Isid,Sur,4,
43,17,21,19,29,16.4,97,2,24.1,Herpothallon philippinum,HePhi,Cos,Asex,Isid,Sur,20,
43,17,21,19,29,16.4,97,2,24.1,Herpothallon rubrocinctum,HeRub,Cos,Asex,Isid,Sur,20,
43,17,21,19,29,16.4,97,2,24.1,Herpothallon rubrocinctum,HeRub,Cos,Asex,Isid,Norte,20,
43,17,21,19,29,16.4,97,2,24.1,Parmotrema cf. latissimum,PaLat,Fol,Sex,Apot,Norte,12,
43,17,21,19,29,16.4,97,2,24.1,Parmotrema subisidiosum,PaSub,Fol,Asex,Isid,Sur,16,
43,17,21,19,29,16.4,97,2,24.1,Phlyctis boliviensis,PhBol,Cos,Sex,Apot,NaN,NaN,
43,17,21,19,29,16.4,97,2,24.1,Phyllopsora cf. swinscowii,PhSwi,Cos,Asex,Isid,NaN,NaN,
43,17,21,19,29,16.4,97,2,24.1,Punctelia hypoleucites,PuHyp,Fol,Sex,Apot,NaN,NaN,
43,17,21,19,29,16.4,97,2,24.1,Usnea cf. mexicana,UsMex,Frut,Asex,Sor,Norte,8,
44,10,10,19,29,16.4,97,2,24.1,Herpothallon rubrocinctum,HeRub,Cos,Asex,Isid,NaN,NaN,
44,10,10,19,29,16.4,97,2,24.1,Heterodermia cf. isidiophora,HeIsi,Fol,Asex,Isid,NaN,NaN,
44,10,10,19,29,16.4,97,2,24.1,Leptogium sp.,LeSp,Fol,NaN,NaN,NaN,NaN,
44,10,10,19,29,16.4,97,2,24.1,Lopezaria versicolor,LoVer,Cos,Sex,Apot,NaN,NaN,
44,10,10,19,29,16.4,97,2,24.1,Parmotrema cf. latissimum,PaLat,Fol,Sex,Apot,NaN,NaN,
44,10,10,19,29,16.4,97,2,24.1,Phlyctis boliviensis,PhBol,Cos,Sex,Apot,NaN,NaN,
44,10,10,19,29,16.4,97,2,24.1,Phlyctis cf. willeyi,PhWil,Cos,Sex,Apot,NaN,NaN,
44,10,10,19,29,16.4,97,2,24.1,Phyllopsora sp.,PhlSp,Cos,NaN,NaN,NaN,NaN,
44,10,10,19,29,16.4,97,2,24.1,Polyblastidium japonicum,PolJa,Fol,Asex,Sor,NaN,NaN,
44,10,10,19,29,16.4,97,2,24.1,Sprucidea gymnopiperis,SpGym,Cos,Asex,Isid,NaN,NaN,
44,10,10,19,29,16.4,97,2,24.1,Thelotrema lepadinum,ThLep,Cos,Sex,Apot,NaN,NaN,
45,15,17,19,29,16.4,97,2,24.1,Cladonia coniocraea,ClCon,Com,Sex,apot,Norte,16,
45,15,17,19,29,16.4,97,2,24.1,Fibrillithecis confusa,FiCon,Cos,Asex,Isid,Norte,12,
45,15,17,19,29,16.4,97,2,24.1,Herpothallon rubrocinctum,HeRub,Cos,Asex,Isid,Sur,4,
45,15,17,19,29,16.4,97,2,24.1,Heterodermia cf. isidiophora,HeIsi,Fol,Asex,Isid,Sur,148,
45,15,17,19,29,16.4,97,2,24.1,Ocellularia landronii,OcLa,Cos,Sex,Apot,NaN,NaN,
45,15,17,19,29,16.4,97,2,24.1,Parmotrema flavescens,PaFla,Fol,Asex,Isid,NaN,NaN,
45,15,17,19,29,16.4,97,2,24.1,Parmotrema subisidiosum,PaSub,Fol,Asex,Isid,Sur,8,
45,15,17,19,29,16.4,97,2,24.1,Pertusaria ventosa,PeVen,Cos,Sex,Apot,NaN,NaN,
45,15,17,19,29,16.4,97,2,24.1,Phyllopsora sp.,PhlSp,Cos,NaN,NaN,Sur,76,
45,15,17,19,29,16.4,97,2,24.1,Ramalina leptocarpha,RaLpt,Frut,Sex,Apot,NaN,NaN,
46,10,14,19,29,16.4,97,2,24.1,Fibrillithecis confusa,FiCon,Cos,Asex,Isid,NaN,NaN,
46,10,14,19,29,16.4,97,2,24.1,Parmotrema cf. latissimum,PaLat,Fol,Sex,Apot,NaN,NaN,
46,10,14,19,29,16.4,97,2,24.1,Parmotrema peralbidum,PaPer,Fol,Sex,Apot,NaN,NaN,
46,10,14,19,29,16.4,97,2,24.1,Parmotrema sp. ,PaSp,Fol,NaN,NaN,NaN,NaN,
46,10,14,19,29,16.4,97,2,24.1,Parmotrema subisidiosum,PaSub,Fol,Asex,Isid,NaN,NaN,
46,10,14,19,29,16.4,97,2,24.1,Usnea cf. brasiliensis,UsBra,Frut,Asex,Sor,NaN,NaN,
47,20,31,19,29,16.4,97,2,24.1,Brigantiaea leucoxantha,BrLeu,Cos,Sex,apot,Este,20,
47,20,31,19,29,16.4,97,2,24.1,Fibrillithecis confusa,FiCon,Cos,Asex,Isid,Oeste,44,
47,20,31,19,29,16.4,97,2,24.1,Herpothallon rubrocinctum,HeRub,Cos,Asex,Isid,Oeste,4,
47,20,31,19,29,16.4,97,2,24.1,Herpothallon rubrocinctum,HeRub,Cos,Asex,Isid,Este,16,
47,20,31,19,29,16.4,97,2,24.1,Hypotrachyna cf. isidiocera,HyIsi,Fol,Asex,Isid,Este,28,
47,20,31,19,29,16.4,97,2,24.1,Lopezaria versicolor,LoVer,Cos,Sex,Apot,NaN,NaN,
47,20,31,19,29,16.4,97,2,24.1,Parmotrema cf. latissimum,PaLat,Fol,Sex,Apot,Oeste,12,
47,20,31,19,29,16.4,97,2,24.1,Remototrachyna cf. costaricensis,ReCst,Fol,Asex,Isid,Oeste,56,
47,20,31,19,29,16.4,97,2,24.1,Syncesia farinacea,SyFa,Cos,Sex,Apot,Este,48,
47,20,31,19,29,16.4,97,2,24.1,Usnea cf. mexicana,UsMex,Frut,Asex,Sor,Oeste,36,
48,4,6,19,29,16.4,97,2,24.1,Graphis anfractuosa,GrAnf,Cos,Sex,Lirel,NaN,NaN,
48,4,6,19,29,16.4,97,2,24.1,Herpothallon rubrocinctum,HeRub,Cos,Asex,Isid,NaN,NaN,
48,4,6,19,29,16.4,97,2,24.1,Lopezaria versicolor,LoVer,Cos,Sex,Apot,NaN,NaN,
48,4,6,19,29,16.4,97,2,24.1,Ocellularia landronii,OcLa,Cos,Sex,Apot,NaN,NaN,
48,4,6,19,29,16.4,97,2,24.1,Parmotrema peralbidum,PaPer,Fol,Sex,Apot,NaN,NaN,
48,4,6,19,29,16.4,97,2,24.1,Punctelia hypoleucites,PuHyp,Fol,Sex,Apot,NaN,NaN,
48,4,6,19,29,16.4,97,2,24.1,Usnea cf. mexicana,UsMex,Frut,Asex,Sor,NaN,NaN,
49,3,4,19,29,16.4,97,2,24.1,Brigantiaea leucoxantha,BrLeu,Cos,Sex,apot,NaN,NaN,
49,3,4,19,29,16.4,97,2,24.1,Fibrillithecis confusa,FiCon,Cos,Asex,Isid,NaN,NaN,
49,3,4,19,29,16.4,97,2,24.1,Graphis aff. immersicans,GrIm,Cos,Sex,Lirel,NaN,NaN,
49,3,4,19,29,16.4,97,2,24.1,Malmidea vinosa,MaVin,Cos,Sex,Apot,NaN,NaN,
49,3,4,19,29,16.4,97,2,24.1,Parmotrema sp. ,PaSp,Fol,NaN,NaN,NaN,NaN,
49,3,4,19,29,16.4,97,2,24.1,Punctelia hypoleucites,PuHyp,Fol,Sex,Apot,NaN,NaN,
50,11,10,19,29,16.4,97,2,24.1,Brigantiaea leucoxantha,BrLeu,Cos,Sex,apot,NaN,NaN,
50,11,10,19,29,16.4,97,2,24.1,Herpothallon rubrocinctum,HeRub,Cos,Asex,Isid,NaN,NaN,
50,11,10,19,29,16.4,97,2,24.1,Heterodermia cf. isidiophora,HeIsi,Fol,Asex,Isid,NaN,NaN,
50,11,10,19,29,16.4,97,2,24.1,Hypotrachyna cf. punoensis,HyPun,Fol,Asex,Sor,NaN,NaN,
50,11,10,19,29,16.4,97,2,24.1,Parmotrema sp. ,PaSp,Fol,NaN,NaN,NaN,NaN,
50,11,10,19,29,16.4,97,2,24.1,Parmotrema subisidiosum,PaSub,Fol,Asex,Isid,NaN,NaN,
50,11,10,19,29,16.4,97,2,24.1,Punctelia hypoleucites,PuHyp,Fol,Sex,Apot,NaN,NaN,
51,10,44,19,29,16.4,97,2,24.1,Herpothallon rubrocinctum,HeRub,Cos,Asex,Isid,Oeste,68,
51,10,44,19,29,16.4,97,2,24.1,Hypotrachyna cf. isidiocera,HyIsi,Fol,Asex,Isid,NaN,NaN,
51,10,44,19,29,16.4,97,2,24.1,Parmotrema flavescens,PaFla,Fol,Asex,Isid,Oeste,20,
52,2.5,4,19,29,16.4,97,2,24.1,Graphis ingarum,GrIng,Cos,Sex,Lirel,NaN,NaN,
52,2.5,4,19,29,16.4,97,2,24.1,Malmidea vinosa,MaVin,Cos,Sex,Apot,NaN,NaN,
52,2.5,4,19,29,16.4,97,2,24.1,Pertusaria cf. tetrathalamia,PeTet,Cos,Sex,Apot,NaN,NaN,
53,3,5,19,29,16.4,97,2,24.1,Fibrillithecis confusa,FiCon,Cos,Asex,Isid,NaN,NaN,
53,3,5,19,29,16.4,97,2,24.1,Parmotrema sp. ,PaSp,Fol,NaN,NaN,NaN,NaN,
53,3,5,19,29,16.4,97,2,24.1,Parmotrema subisidiosum,PaSub,Fol,Asex,Isid,NaN,NaN,
53,3,5,19,29,16.4,97,2,24.1,Punctelia hypoleucites,PuHyp,Fol,Sex,Apot,NaN,NaN,
54,20,22,19,29,16.4,97,2,24.1,Cladonia coniocraea,ClCon,Com,Sex,apot,NaN,NaN,
54,20,22,19,29,16.4,97,2,24.1,Fibrillithecis confusa,FiCon,Cos,Asex,Isid,NaN,NaN,
54,20,22,19,29,16.4,97,2,24.1,Graphis sp.,GrSp,Cos,Sex,Lirel,Norte,72,
54,20,22,19,29,16.4,97,2,24.1,Hypotrachyna cf. punoensis,HyPun,Fol,Asex,Sor,Norte,28,
54,20,22,19,29,16.4,97,2,24.1,Parmotrema cf. latissimum,PaLat,Fol,Sex,Apot,Norte,480,
54,20,22,19,29,16.4,97,2,24.1,Parmotrema flavescens,PaFla,Fol,Asex,Isid,Norte,24,
54,20,22,19,29,16.4,97,2,24.1,Pertusaria sp.,PeSp,Cos,NaN,NaN,Norte,32,
54,20,22,19,29,16.4,97,2,24.1,Phyllopsora cf. swinscowii,PhSwi,Cos,Asex,Isid,Norte,24,
54,20,22,19,29,16.4,97,2,24.1,Punctelia hypoleucites,PuHyp,Fol,Sex,Apot,NaN,NaN,
55,10,11,19,29,16.4,97,2,24.1,Leptogium cyanescens,LeCya,Fol,Asex,Isid,NaN,NaN,
55,10,11,19,29,16.4,97,2,24.1,Parmotrema flavescens,PaFla,Fol,Asex,Isid,NaN,NaN,
56,6,6,19,29,16.4,97,2,24.1,Coccocarpia sp.,CooSp,Fol,NaN,NaN,NaN,NaN,
56,6,6,19,29,16.4,97,2,24.1,Malmidea vinosa,MaVin,Cos,Sex,Apot,NaN,NaN,
57,12,13,19,29,16.4,97,2,24.1,Cladonia coniocraea,ClCon,Com,Sex,apot,NaN,NaN,
57,12,13,19,29,16.4,97,2,24.1,Malmidea vinosa,MaVin,Cos,Sex,Apot,NaN,NaN,
57,12,13,19,29,16.4,97,2,24.1,Ocellularia landronii,OcLa,Cos,Sex,Apot,NaN,NaN,
57,12,13,19,29,16.4,97,2,24.1,Parmotrema flavescens,PaFla,Fol,Asex,Isid,NaN,NaN,
57,12,13,19,29,16.4,97,2,24.1,Sticta beauvoisii,StBea,Fol,Asex,Isid,NaN,NaN,
58,18,17,19,29,16.4,97,2,24.1,Cladonia coniocraea,ClCon,Com,Sex,apot,NaN,NaN,
58,18,17,19,29,16.4,97,2,24.1,Fibrillithecis confusa,FiCon,Cos,Asex,Isid,Oeste,24,
58,18,17,19,29,16.4,97,2,24.1,Herpothallon rubrocinctum,HeRub,Cos,Asex,Isid,Este,12,
58,18,17,19,29,16.4,97,2,24.1,Hypotrachyna cf. punoensis,HyPun,Fol,Asex,Sor,Este,72,
58,18,17,19,29,16.4,97,2,24.1,Lopezaria versicolor,LoVer,Cos,Sex,Apot,Este,44,
58,18,17,19,29,16.4,97,2,24.1,Ocellularia landronii,OcLa,Cos,Sex,Apot,NaN,NaN,
58,18,17,19,29,16.4,97,2,24.1,Parmotrema flavescens,PaFla,Fol,Asex,Isid,Este,8,
58,18,17,19,29,16.4,97,2,24.1,Parmotrema reticulatum,PaRet,Fol,Asex,Sor,Este,24,
58,18,17,19,29,16.4,97,2,24.1,Phyllopsora cf. swinscowii,PhSwi,Cos,Asex,Isid,Este,16,
58,18,17,19,29,16.4,97,2,24.1,Polyblastidium japonicum,PolJa,Fol,Asex,Sor,Oeste,8,
58,18,17,19,29,16.4,97,2,24.1,Punctelia hypoleucites,PuHyp,Fol,Sex,Apot,Oeste,36,
59,4,5,19,29,16.4,97,2,24.1,Herpothallon rubrocinctum,HeRub,Cos,Asex,Isid,NaN,NaN,
59,4,5,19,29,16.4,97,2,24.1,Hypotrachyna cf. pulvinata,HyPul,Fol,Sex,Apot,NaN,NaN,
59,4,5,19,29,16.4,97,2,24.1,Malmidea vinosa,MaVin,Cos,Sex,Apot,NaN,NaN,
60,6,6,19,29,16.4,97,2,24.1,Herpothallon rubrocinctum,HeRub,Cos,Asex,Isid,NaN,NaN,
60,6,6,19,29,16.4,97,2,24.1,Ocellularia landronii,OcLa,Cos,Sex,Apot,NaN,NaN,
60,6,6,19,29,16.4,97,2,24.1,Parmotrema cf. latissimum,PaLat,Fol,Sex,Apot,NaN,NaN,
60,6,6,19,29,16.4,97,2,24.1,Parmotrema peralbidum,PaPer,Fol,Sex,Apot,NaN,NaN,
61,15,15,19,29,16.4,97,2,24.1,Herpothallon rubrocinctum,HeRub,Cos,Asex,Isid,NaN,NaN,
61,15,15,19,29,16.4,97,2,24.1,Parmotrema cf. latissimum,PaLat,Fol,Sex,Apot,NaN,NaN,
61,15,15,19,29,16.4,97,2,24.1,Parmotrema flavescens,PaFla,Fol,Asex,Isid,NaN,NaN,
61,15,15,19,29,16.4,97,2,24.1,Parmotrema sp. ,PaSp,Fol,NaN,NaN,NaN,NaN,
61,15,15,19,29,16.4,97,2,24.1,Ramalina leptocarpha,RaLpt,Frut,Sex,Apot,NaN,NaN,
61,15,15,19,29,16.4,97,2,24.1,Usnea cf. brasiliensis,UsBra,Frut,Asex,Sor,NaN,NaN,
61,15,15,19,29,16.4,97,2,24.1,Usnea cf. filipendula,UsFil,Frut,Asex,Isid,NaN,NaN,
61,15,15,19,29,16.4,97,2,24.1,Usnea cf. subfloridana,UsSub,Frut,Asex,Sor,NaN,NaN,
62,20,20,19,29,16.4,97,2,24.1,Herpothallon philippinum,HePhi,Cos,Asex,Isid,Norte,8,
62,20,20,19,29,16.4,97,2,24.1,Herpothallon rubrocinctum,HeRub,Cos,Asex,Isid,Norte,16,
62,20,20,19,29,16.4,97,2,24.1,Heterodermia cf. isidiophora,HeIsi,Fol,Asex,Isid,NaN,NaN,
62,20,20,19,29,16.4,97,2,24.1,Lopezaria versicolor,LoVer,Cos,Sex,Apot,Sur,104,
62,20,20,19,29,16.4,97,2,24.1,Phyllopsora sp.,PhlSp,Cos,NaN,NaN,Norte,8,
63,3.7,8,19,29,17.9,97,2,25.8,Folioso sp,FoSp,Fol,,,NaN,NaN,
63,3.7,8,19,29,17.9,97,2,25.8,Herpothallon rubrocinctum,HeRub,Cos,Asex,Isid,NaN,NaN,
63,3.7,8,19,29,17.9,97,2,25.8,Hypotrachyna sp. ,HySp,Fol,NaN,NaN,NaN,NaN,
63,3.7,8,19,29,17.9,97,2,25.8,Lopezaria versicolor,LoVer,Cos,Sex,Apot,NaN,NaN,
63,3.7,8,19,29,17.9,97,2,25.8,Malmidea vinosa,MaVin,Cos,Sex,Apot,NaN,NaN,
63,3.7,8,19,29,17.9,97,2,25.8,Ocellularia subcarassensis,OcSbc,Cos,Sex,Apot,NaN,NaN,
63,3.7,8,19,29,17.9,97,2,25.8,Parmotrema subisidiosum,PaSub,Fol,Asex,Isid,NaN,NaN,
63,3.7,8,19,29,17.9,97,2,25.8,Pertusaria ventosa,PeVen,Cos,Sex,Apot,NaN,NaN,
63,3.7,8,19,29,17.9,97,2,25.8,Phaeographis aff. dendritica,PhDen,Cos,Sex,Lirel,NaN,NaN,
63,3.7,8,19,29,17.9,97,2,25.8,Phyllopsora sp.,PhlSp,Cos,NaN,NaN,NaN,NaN,
63,3.7,8,19,29,17.9,97,2,25.8,Thelotrema lepadium,ThLep,Cos,Sex,Apot,NaN,NaN,
63,3.7,8,19,29,17.9,97,2,25.8,Usnea cf. brasiliensis,UsBra,Frut,Asex,Sor,NaN,NaN,
64,15,19,19,29,17.9,97,2,25.8,Cresponea chloroconia,CrChl,Cos,Sex,apot,Sur,24,
64,15,19,19,29,17.9,97,2,25.8,Cresponea chloroconia,CrChl,Cos,Sex,apot,Norte,24,
64,15,19,19,29,17.9,97,2,25.8,Graphis leptoclada,GrLep,Cos,Sex,Lirel,NaN,NaN,
64,15,19,19,29,17.9,97,2,25.8,Herpothallon rubrocinctum,HeRub,Cos,Asex,Isid,NaN,NaN,
64,15,19,19,29,17.9,97,2,25.8,Malmidea vinosa,MaVin,Cos,Sex,Apot,NaN,NaN,
64,15,19,19,29,17.9,97,2,25.8,Parmotrema flavescens,PaFla,Fol,Asex,Isid,Norte,68,
64,15,19,19,29,17.9,97,2,25.8,Pertusaria sp.,PeSp,Cos,NaN,NaN,Sur,8,
64,15,19,19,29,17.9,97,2,25.8,Pertusaria ventosa,PeVen,Cos,Sex,Apot,Norte,24,
64,15,19,19,29,17.9,97,2,25.8,Phlyctis boliviensis,PhBol,Cos,Sex,Apot,Sur,56,
64,15,19,19,29,17.9,97,2,25.8,Phyllopsora sp.,PhlSp,Cos,NaN,NaN,NaN,NaN,
64,15,19,19,29,17.9,97,2,25.8,Thelotrema lepadium,ThLep,Cos,Sex,Apot,Sur,24,
65,3.2,6,19,29,17.9,97,2,25.8,Malmidea vinosa,MaVin,Cos,Sex,Apot,NaN,NaN,
65,3.2,6,19,29,17.9,97,2,25.8,Parmotrema mellissii,PaMe,Fol,Asex,Isid,NaN,NaN,
65,3.2,6,19,29,17.9,97,2,25.8,Parmotrema peralbidum,PaPer,Fol,Sex,Apot,NaN,NaN,
65,3.2,6,19,29,17.9,97,2,25.8,Pertusaria ventosa,PeVen,Cos,Sex,Apot,NaN,NaN,
65,3.2,6,19,29,17.9,97,2,25.8,Usnea cf. brasiliensis,UsBra,Frut,Asex,Sor,NaN,NaN,
66,15.1,38,19,29,17.9,97,2,25.8,Fibrillithecis confusa,FiCon,Cos,Asex,Isid,NaN,NaN,
66,15.1,38,19,29,17.9,97,2,25.8,Herpothallon rubrocinctum,HeRub,Cos,Asex,Isid,Norte,8,
66,15.1,38,19,29,17.9,97,2,25.8,Phyllopsora cf. swinscowii,PhSwi,Cos,Asex,Isid,NaN,NaN,
66,15.1,38,19,29,17.9,97,2,25.8,Phyllopsora sp.,PhlSp,Cos,NaN,NaN,NaN,NaN,
67,7,12,19,29,17.9,97,2,25.8,Herpothallon rubrocinctum,HeRub,Cos,Asex,Isid,NaN,NaN,
67,7,12,19,29,17.9,97,2,25.8,Leptogium cyanescens,LeCya,Fol,Asex,Isid,NaN,NaN,
67,7,12,19,29,17.9,97,2,25.8,Parmotrema mellissii,PaMe,Fol,Asex,Isid,NaN,NaN,
67,7,12,19,29,17.9,97,2,25.8,Pertusaria ventosa,PeVen,Cos,Sex,Apot,NaN,NaN,
68,7.5,13,19,29,17.9,97,2,25.8,Fibrillithecis confusa,FiCon,Cos,Asex,Isid,NaN,NaN,
68,7.5,13,19,29,17.9,97,2,25.8,Megalaria bengalensis,MeBen,Cos,Sex,Apot,NaN,NaN,
68,7.5,13,19,29,17.9,97,2,25.8,Parmotrema cf. subarnoldii,PaSba,Fol,Asex,Sor,NaN,NaN,
68,7.5,13,19,29,17.9,97,2,25.8,Usnea cf. mexicana,UsMex,Frut,Asex,Sor,NaN,NaN,
69,12.6,30,19,29,17.9,97,2,25.8,Brigantiaea leucoxantha,BrLeu,Cos,Sex,apot,Noroeste,60,
69,12.6,30,19,29,17.9,97,2,25.8,Graphis leptoclada,GrLep,Cos,Sex,Lirel,Sureste,24,
69,12.6,30,19,29,17.9,97,2,25.8,Graphis rimulosa,GrRim,Cos,Sex,Lirel,NaN,NaN,
69,12.6,30,19,29,17.9,97,2,25.8,Herpothallon rubrocinctum,HeRub,Cos,Asex,Isid,Noroeste,52,
69,12.6,30,19,29,17.9,97,2,25.8,Hypotrachyna cf. pulvinata,HyPul,Fol,Sex,Apot,Noroeste,36,
69,12.6,30,19,29,17.9,97,2,25.8,Hypotrachyna cf. punoensis,HyPun,Fol,Asex,Sor,NaN,NaN,
69,12.6,30,19,29,17.9,97,2,25.8,Malmidea vinosa,MaVin,Cos,Sex,Apot,NaN,NaN,
69,12.6,30,19,29,17.9,97,2,25.8,Megalaria bengalensis,MeBen,Cos,Sex,Apot,Noroeste,52,
69,12.6,30,19,29,17.9,97,2,25.8,Ocellularia sp. 1,OcSp1,Cos,NaN,NaN,NaN,NaN,
69,12.6,30,19,29,17.9,97,2,25.8,Parmotrema cf. latissimum,PaLat,Fol,Sex,Apot,Sureste,84,
69,12.6,30,19,29,17.9,97,2,25.8,Parmotrema flavescens,PaFla,Fol,Asex,Isid,Noroeste,72,
69,12.6,30,19,29,17.9,97,2,25.8,Usnea sp.,UsSp,Frut,NaN,NaN,NaN,NaN,
70,6,8,19,29,17.9,97,2,25.8,Thelotrema lepadium,ThLep,Cos,Sex,Apot,NaN,NaN,
71,3.5,3,19,29,17.9,97,2,25.8,Graphis aff. dupaxana,GrDup,Cos,Sex,Lirel,NaN,NaN,
71,3.5,3,19,29,17.9,97,2,25.8,Graphis aff. lineola,Grali,Cos,Sex,Lirel,NaN,NaN,
71,3.5,3,19,29,17.9,97,2,25.8,Graphis pinicola,GrPin,Cos,Sex,Lirel,NaN,NaN,
71,3.5,3,19,29,17.9,97,2,25.8,Graphis sp.,GrSp,Cos,Sex,Lirel,NaN,NaN,
71,3.5,3,19,29,17.9,97,2,25.8,Hemithecium implicatum,HeImp,Cos,Sex,Lirel,NaN,NaN,
71,3.5,3,19,29,17.9,97,2,25.8,Lopezaria versicolor,LoVer,Cos,Sex,Apot,NaN,NaN,
71,3.5,3,19,29,17.9,97,2,25.8,Malmidea vinosa,MaVin,Cos,Sex,Apot,NaN,NaN,
71,3.5,3,19,29,17.9,97,2,25.8,Thelotrema lepadium,ThLep,Cos,Sex,Apot,NaN,NaN,
72,10,19,19,29,17.9,97,2,25.8,Fibrillithecis confusa,FiCon,Cos,Asex,Isid,Sur,72,
72,10,19,19,29,17.9,97,2,25.8,Graphis leptoclada,GrLep,Cos,Sex,Lirel,Norte,8,
72,10,19,19,29,17.9,97,2,25.8,Herpothallon roseocintum,HeRos,Cos,Asex,Isid,Norte,4,
72,10,19,19,29,17.9,97,2,25.8,Malmidea vinosa,MaVin,Cos,Sex,Apot,NaN,NaN,
72,10,19,19,29,17.9,97,2,25.8,Parmotrema sp. ,PaSp,Fol,NaN,NaN,Sur,32,
72,10,19,19,29,17.9,97,2,25.8,Porina distans,PorDi,Cos,Asex,Isid,Norte,4,
73,20,59,19,29,17.9,97,2,25.8,Graphis mexicana,GrMex,Cos,Sex,Lirel,NaN,NaN,
73,20,59,19,29,17.9,97,2,25.8,Herpothallon roseocintum,HeRos,Cos,Asex,Isid,NaN,NaN,
73,20,59,19,29,17.9,97,2,25.8,Herpothallon rubrocinctum,HeRub,Cos,Asex,Isid,Este,72,
73,20,59,19,29,17.9,97,2,25.8,Hypotrachyna cf. pulvinata,HyPul,Fol,Sex,Apot,NaN,NaN,
73,20,59,19,29,17.9,97,2,25.8,Sticta beauvoisii,StBea,Fol,Asex,Isid,NaN,NaN,
74,11,15,19,29,17.9,97,2,25.8,Cladonia coniocraea,ClCon,Com,Sex,apot,NaN,NaN,
74,11,15,19,29,17.9,97,2,25.8,Parmotrema mellissii,PaMe,Fol,Asex,Isid,NaN,NaN,
75,13.8,10,19,29,17.9,97,2,25.8,Herpothallon rubrocinctum,HeRub,Cos,Asex,Isid,NaN,NaN,
75,13.8,10,19,29,17.9,97,2,25.8,Hypotrachyna sp. ,HySp,Fol,NaN,NaN,NaN,NaN,
75,13.8,10,19,29,17.9,97,2,25.8,Ocellularia landronii,OcLa,Cos,Sex,Apot,NaN,NaN,
75,13.8,10,19,29,17.9,97,2,25.8,Parmotrema peralbidum,PaPer,Fol,Sex,Apot,NaN,NaN,
76,15.1,18,19,29,17.9,97,2,25.8,Cladonia coniocraea,ClCon,Com,Sex,apot,Sur,8,
76,15.1,18,19,29,17.9,97,2,25.8,Cladonia coniocraea,ClCon,Com,Sex,apot,Norte,8,
76,15.1,18,19,29,17.9,97,2,25.8,Cresponea sp.,CrChl,Cos,Sex,apot,Sur,24,
76,15.1,18,19,29,17.9,97,2,25.8,Herpothallon rubrocinctum,HeRub,Cos,Asex,Isid,Norte,84,
76,15.1,18,19,29,17.9,97,2,25.8,Ocellularia landronii,OcLa,Cos,Sex,Apot,Sur,92,
76,15.1,18,19,29,17.9,97,2,25.8,Parmotrema sp. ,PaSp,Fol,NaN,NaN,Sur,4,
76,15.1,18,19,29,17.9,97,2,25.8,Porina distans,PorDi,Cos,Asex,Isid,NaN,NaN,
76,15.1,18,19,29,17.9,97,2,25.8,Thelotrema lepadium,ThLep,Cos,Sex,Apot,NaN,NaN,
77,18,29,19,29,19,97,2,26.8,Herpothallon rubrocinctum,HeRub,Cos,Asex,Isid,Sur,4,
77,18,29,19,29,19,97,2,26.8,Herpothallon sp.,HeSp,Cos,Asex,Isid,Sur,8,
78,16,16,19,29,19,97,2,26.8,Herpothallon rubrocinctum,HeRub,Cos,Asex,Isid,NaN,NaN,
78,16,16,19,29,19,97,2,26.8,Hyperphyscia syncolla,HySy,Fol,Sex,Apot,NaN,NaN,
78,16,16,19,29,19,97,2,26.8,Hypotrachyna cf. punoensis,HyPun,Fol,Asex,Sor,NaN,NaN,
78,16,16,19,29,19,97,2,26.8,Hypotrachyna vexans,HyVex,Fol,Asex,Isid,NaN,NaN,
78,16,16,19,29,19,97,2,26.8,Parmotrema rampoddense,PaRam,Fol,Asex,Sor,NaN,NaN,
78,16,16,19,29,19,97,2,26.8,Phlyctis boliviensis,PhBol,Cos,Sex,Apot,NaN,NaN,
78,16,16,19,29,19,97,2,26.8,Usnea cf. brasiliensis,UsBra,Frut,Asex,Sor,NaN,NaN,
78,16,16,19,29,19,97,2,26.8,Usnea cf. subfloridana,UsSub,Frut,Asex,Sor,NaN,NaN,
79,5,4,19,29,19,97,2,26.8,Diorygma reinforme,DiRe,Cos,Sex,Lirel,NaN,NaN,
79,5,4,19,29,19,97,2,26.8,Graphis aff. dupaxana,GrDup,Cos,Sex,Lirel,NaN,NaN,
79,5,4,19,29,19,97,2,26.8,Graphis conferta,GrCon,Cos,Sex,Lirel,NaN,NaN,
79,5,4,19,29,19,97,2,26.8,Graphis pinicola,GrPin,Cos,Sex,Lirel,NaN,NaN,
79,5,4,19,29,19,97,2,26.8,Malmidea vinosa,MaVin,Cos,Sex,Apot,NaN,NaN,
79,5,4,19,29,19,97,2,26.8,Parmotrema sp. ,PaSp,Fol,NaN,NaN,NaN,NaN,
79,5,4,19,29,19,97,2,26.8,Phaeographis aff. dendritica,PhDen,Cos,Sex,Lirel,NaN,NaN,
79,5,4,19,29,19,97,2,26.8,Physcia sp.,PhsSp,Fol,NaN,NaN,NaN,NaN,
80,6,9,19,29,19,97,2,26.8,Graphis rimulosa,GrRim,Cos,Sex,Lirel,NaN,NaN,
80,6,9,19,29,19,97,2,26.8,Malmidea vinosa,MaVin,Cos,Sex,Apot,NaN,NaN,
80,6,9,19,29,19,97,2,26.8,Phaeographis aff. dendritica,PhDen,Cos,Sex,Lirel,NaN,NaN,
80,6,9,19,29,19,97,2,26.8,Phlyctis boliviensis,PhBol,Cos,Sex,Apot,NaN,NaN,
80,6,9,19,29,19,97,2,26.8,Ramalina leptocarpha,RaLpt,Frut,Sex,Apot,NaN,NaN,
81,4.5,4,19,29,19,97,2,26.8,Brigantiaea leucoxantha,BrLeu,Cos,Sex,apot,NaN,NaN,
81,4.5,4,19,29,19,97,2,26.8,Graphis conferta,GrCon,Cos,Sex,Lirel,NaN,NaN,
81,4.5,4,19,29,19,97,2,26.8,Graphis ingarum,GrIng,Cos,Sex,Lirel,NaN,NaN,
81,4.5,4,19,29,19,97,2,26.8,Phlyctis boliviensis,PhBol,Cos,Sex,Apot,NaN,NaN,
82,6.5,6,19,29,19,97,2,26.8,Graphis chlorotica,GrChl,Cos,Sex,Lirel,NaN,NaN,
82,6.5,6,19,29,19,97,2,26.8,Parmotrema peralbidum,PaPer,Fol,Sex,Apot,NaN,NaN,
82,6.5,6,19,29,19,97,2,26.8,Punctelia hypoleucites,PuHyp,Fol,Sex,Apot,NaN,NaN,
83,4,6,19,29,19,97,2,26.8,Herpothallon roseocintum,HeRos,Cos,Asex,Isid,NaN,NaN,
83,4,6,19,29,19,97,2,26.8,Herpothallon rubrocinctum,HeRub,Cos,Asex,Isid,NaN,NaN,
83,4,6,19,29,19,97,2,26.8,Malmidea vinosa,MaVin,Cos,Sex,Apot,NaN,NaN,
83,4,6,19,29,19,97,2,26.8,Ocellularia sp. 1,OcSp1,Cos,NaN,NaN,NaN,NaN,
83,4,6,19,29,19,97,2,26.8,Pertusaria sp.,PeSp,Cos,NaN,NaN,NaN,NaN,
84,2,2,19,29,19,97,2,26.8,Graphis aff. dupaxana,GrDup,Cos,Sex,Lirel,NaN,NaN,
84,2,2,19,29,19,97,2,26.8,Graphis conferta,GrCon,Cos,Sex,Lirel,NaN,NaN,
84,2,2,19,29,19,97,2,26.8,Graphis sp.,GrSp,Cos,Sex,Lirel,NaN,NaN,
84,2,2,19,29,19,97,2,26.8,Hemithecium implicatum,HeImp,Cos,Sex,Lirel,NaN,NaN,
84,2,2,19,29,19,97,2,26.8,Malmidea vinosa,MaVin,Cos,Sex,Apot,NaN,NaN,
84,2,2,19,29,19,97,2,26.8,Ocellularia landronii,OcLa,Cos,Sex,Apot,NaN,NaN,
84,2,2,19,29,19,97,2,26.8,Pertusaria sp.,PeSp,Cos,NaN,NaN,NaN,NaN,
84,2,2,19,29,19,97,2,26.8,Pseudopyrenula subnudata,PsSu,Cos,Sex,Perit,NaN,NaN,
85,22,26,19,29,19,97,2,26.8,Herpothallon rubrocinctum,HeRub,Cos,Asex,Isid,Oeste,4,
85,22,26,19,29,19,97,2,26.8,Parmotrema peralbidum,PaPer,Fol,Sex,Apot,Oeste,4,
85,22,26,19,29,19,97,2,26.8,Usnea cf. brasiliensis,UsBra,Frut,Asex,Sor,Este,4,
86,13,15,19,29,19,97,2,26.8,Herpothallon philippinum,HePhi,Cos,Asex,Isid,NaN,NaN,
86,13,15,19,29,19,97,2,26.8,Herpothallon roseocintum,HeRos,Cos,Asex,Isid,NaN,NaN,
86,13,15,19,29,19,97,2,26.8,Herpothallon rubrocinctum,HeRub,Cos,Asex,Isid,NaN,NaN,
87,15,13,19,29,19,97,2,26.8,Graphis aff. dupaxana,GrDup,Cos,Sex,Lirel,NaN,NaN,
87,15,13,19,29,19,97,2,26.8,Graphis aff. immersicans,GrIm,Cos,Sex,Lirel,NaN,NaN,
87,15,13,19,29,19,97,2,26.8,Herpothallon rubrocinctum,HeRub,Cos,Asex,Isid,NaN,NaN,
87,15,13,19,29,19,97,2,26.8,Leptogium sp.,LeSp,Fol,NaN,NaN,NaN,NaN,
87,15,13,19,29,19,97,2,26.8,Parmotrema cf. latissimum,PaLat,Fol,Sex,Apot,NaN,NaN,
87,15,13,19,29,19,97,2,26.8,Thelotrema lepadium,ThLep,Cos,Sex,Apot,NaN,NaN,
88,20,27,19,29,19,97,2,26.8,Graphis conferta,GrCon,Cos,Sex,Lirel,NaN,NaN,
88,20,27,19,29,19,97,2,26.8,Graphis sp.,GrSp,Cos,Sex,Lirel,NaN,NaN,
88,20,27,19,29,19,97,2,26.8,Herpothallon philippinum,HePhi,Cos,Asex,Isid,Sur,16,
88,20,27,19,29,19,97,2,26.8,Herpothallon roseocintum,HeRos,Cos,Asex,Isid,Sur,28,
88,20,27,19,29,19,97,2,26.8,Herpothallon rubrocinctum,HeRub,Cos,Asex,Isid,Sur,16,
88,20,27,19,29,19,97,2,26.8,Hypotrachyna cf. pulvinata,HyPul,Fol,Sex,Apot,Sur,12,
88,20,27,19,29,19,97,2,26.8,Hypotrachyna sp. ,HySp,Fol,NaN,NaN,Sur,8,
88,20,27,19,29,19,97,2,26.8,Parmotrema flavescens,PaFla,Fol,Asex,Isid,Norte,20,
89,22,24,19,29,19,97,2,26.8,Fibrillithecis confusa,FiCon,Cos,Asex,Isid,Este,4,
89,22,24,19,29,19,97,2,26.8,Herpothallon rubrocinctum,HeRub,Cos,Asex,Isid,Este,4,
89,22,24,19,29,19,97,2,26.8,Hypotrachyna cf. punoensis,HyPun,Fol,Asex,Sor,Este,80,
89,22,24,19,29,19,97,2,26.8,Hypotrachyna sp. ,HySp,Fol,NaN,NaN,Oeste,104,
89,22,24,19,29,19,97,2,26.8,Ocellularia landronii,OcLa,Cos,Sex,Apot,Oeste,36,
89,22,24,19,29,19,97,2,26.8,Parmotrema subisidiosum,PaSub,Fol,Asex,Isid,Este,16,
89,22,24,19,29,19,97,2,26.8,Phyllopsora sp.,PhlSp,Cos,NaN,NaN,Este,68,
89,22,24,19,29,19,97,2,26.8,Polyblastidium japonicum,PolJa,Fol,Asex,Sor,Este,4,
90,20,25,19,29,19,97,2,26.8,Brigantiaea leucoxantha,BrLeu,Cos,Sex,apot,Noroeste,16,
90,20,25,19,29,19,97,2,26.8,Fibrillithecis confusa,FiCon,Cos,Asex,Isid,Sureste,36,
90,20,25,19,29,19,97,2,26.8,Herpothallon roseocintum,HeRos,Cos,Asex,Isid,Sureste,16,
90,20,25,19,29,19,97,2,26.8,Hypotrachyna cf. punoensis,HyPun,Fol,Asex,Sor,Sureste,12,
90,20,25,19,29,19,97,2,26.8,Leptogium cyanescens,LeCya,Fol,Asex,Isid,NaN,NaN,
90,20,25,19,29,19,97,2,26.8,Parmotrema reticulatum,PaRet,Fol,Asex,Sor,Sureste,64,
90,20,25,19,29,19,97,2,26.8,Usnea cf. mexicana,UsMex,Frut,Asex,Sor,Sureste,24,
91,20,16,19,29,19,97,2,26.8,Fibrillithecis confusa,FiCon,Cos,Asex,Isid,NaN,NaN,
91,20,16,19,29,19,97,2,26.8,Herpothallon rubrocinctum,HeRub,Cos,Asex,Isid,NaN,NaN,
91,20,16,19,29,19,97,2,26.8,Ramalina leptocarpha,RaLpt,Frut,Sex,Apot,NaN,NaN,
92,8,10,19,29,19,97,2,26.8,Graphis aff. dupaxana,GrDup,Cos,Sex,Lirel,NaN,NaN,
92,8,10,19,29,19,97,2,26.8,Herpothallon rubrocinctum,HeRub,Cos,Asex,Isid,NaN,NaN,
92,8,10,19,29,19,97,2,26.8,Malmidea vinosa,MaVin,Cos,Sex,Apot,NaN,NaN,
92,8,10,19,29,19,97,2,26.8,Parmotrema cf. latissimum,PaLat,Fol,Sex,Apot,NaN,NaN,
92,8,10,19,29,19,97,2,26.8,Parmotrema flavescens,PaFla,Fol,Asex,Isid,NaN,NaN,
93,2.5,0.04,19,29,19,97,2,26.8,Graphis aff. dupaxana,GrDup,Cos,Sex,Lirel,NaN,NaN,
93,2.5,4,19,29,19,97,2,26.8,Graphis aff. immersicans,GrIm,Cos,Sex,Lirel,NaN,NaN,
93,2.5,4,19,29,19,97,2,26.8,Graphis aff. immersicans,GrIm,Cos,Sex,Lirel,NaN,NaN,
93,2.5,4,19,29,19,97,2,26.8,Graphis conferta,GrCon,Cos,Sex,Lirel,NaN,NaN,
93,2.5,4,19,29,19,97,2,26.8,Graphis rimulosa,GrRim,Cos,Sex,Lirel,NaN,NaN,
93,2.5,4,19,29,19,97,2,26.8,Graphis sp.,GrSp,Cos,Sex,Lirel,NaN,NaN,
93,2.5,4,19,29,19,97,2,26.8,Malmidea vinosa,MaVin,Cos,Sex,Apot,NaN,NaN,
93,2.5,4,19,29,19,97,2,26.8,Ocellularia landronii,OcLa,Cos,Sex,Apot,NaN,NaN,
93,2.5,4,19,29,19,97,2,26.8,Thalloloma sp.,ThSp,Cos,NaN,NaN,NaN,NaN,
94,6,8,19,29,19,97,2,26.8,Herpothallon rubrocinctum,HeRub,Cos,Asex,Isid,NaN,NaN,
94,6,8,19,29,19,97,2,26.8,Parmotrema cf. latissimum,PaLat,Fol,Sex,Apot,NaN,NaN,
94,6,8,19,29,19,97,2,26.8,Punctelia hypoleucites,PuHyp,Fol,Sex,Apot,NaN,NaN,
95,1.5,2,19,29,19,97,2,26.8,Graphis aff. dupaxana,GrDup,Cos,Sex,Lirel,NaN,NaN,
95,1.5,2,19,29,19,97,2,26.8,Graphis aff. lineola,Grali,Cos,Sex,Lirel,NaN,NaN,
95,1.5,2,19,29,19,97,2,26.8,Graphis conferta,GrCon,Cos,Sex,Lirel,NaN,NaN,
95,1.5,2,19,29,19,97,2,26.8,Graphis pinicola,GrPin,Cos,Sex,Lirel,NaN,NaN,
96,1.7,2,19,29,19,97,2,26.8,Graphis aff. dupaxana,GrDup,Cos,Sex,Lirel,NaN,NaN,
96,1.7,2,19,29,19,97,2,26.8,Graphis aff. immersicans,GrIm,Cos,Sex,Lirel,NaN,NaN,
96,1.7,2,19,29,19,97,2,26.8,Graphis conferta,GrCon,Cos,Sex,Lirel,NaN,NaN,
96,1.7,2,19,29,19,97,2,26.8,Malmidea vinosa,MaVin,Cos,Sex,Apot,NaN,NaN,
96,1.7,2,19,29,19,97,2,26.8,Opegrapha sp.,OpSp,Cos,NaN,NaN,NaN,NaN,
96,1.7,2,19,29,19,97,2,26.8,Thalloloma sp.,ThSp,Cos,NaN,NaN,NaN,NaN,
96,1.7,2,19,29,19,97,2,26.8,Thelotrema lepadium,ThLep,Cos,Sex,Apot,NaN,NaN,
97,2,6,19,29,19,97,2,26.8,Herpothallon rubrocinctum,HeRub,Cos,Asex,Isid,NaN,NaN,
97,2,6,19,29,19,97,2,26.8,Herpothallon sp.,HeSp,Cos,Asex,Isid,NaN,NaN,
97,2,6,19,29,19,97,2,26.8,Punctelia hypoleucites,PuHyp,Fol,Sex,Apot,NaN,NaN,
98,10,33,19,29,19.4,97,2,27.4,Herpothallon rubrocinctum,HeRub,Cos,Asex,Isid,Oeste,32,
98,10,33,19,29,19.4,97,2,27.4,Hypotrachyna cf. punoensis,HyPun,Fol,Asex,Sor,NaN,NaN,
98,10,33,19,29,19.4,97,2,27.4,Ocellularia subcarassensis,OcSbc,Cos,Sex,Apot,Oeste,100,
98,10,33,19,29,19.4,97,2,27.4,Parmotrema cf. subarnoldii,PaSba,Fol,Asex,Sor,Oeste,108,
98,10,33,19,29,19.4,97,2,27.4,Remototrachyna aff. costaricensis,ReCst,Fol,Asex,Isid,Este,180,
98,10,33,19,29,19.4,97,2,27.4,Syncesia farinacea,SyFa,Cos,Sex,Apot,Este,168,
98,10,33,19,29,19.4,97,2,27.4,Usnea cf. brasiliensis,UsBra,Frut,Asex,Sor,NaN,NaN,
98,10,33,19,29,19.4,97,2,27.4,Usnea cf. mexicana,UsMex,Frut,Asex,Sor,Este,68,
99,6,7,19,29,19.4,97,2,27.4,Graphis aff. dupaxana,GrDup,Cos,Sex,Lirel,NaN,NaN,
99,6,7,19,29,19.4,97,2,27.4,Graphis sp.,GrSp,Cos,Sex,Lirel,NaN,NaN,
99,6,7,19,29,19.4,97,2,27.4,Herpothallon rubrocinctum,HeRub,Cos,Asex,Isid,NaN,NaN,
99,6,7,19,29,19.4,97,2,27.4,Hypotrachyna cf. subformosana,HySub,Fol,Asex,Sor,NaN,NaN,
99,6,7,19,29,19.4,97,2,27.4,Ocellularia subcarassensis,OcSbc,Cos,,Sex,Apot,NaN,NaN
99,6,7,19,29,19.4,97,2,27.4,Parmotrema flavescens,PaFla,Fol,Asex,Isid,NaN,NaN,
99,6,7,19,29,19.4,97,2,27.4,Parmotrema peralbidum,PaPer,Fol,Sex,Apot,NaN,NaN,
99,6,7,19,29,19.4,97,2,27.4,Punctelia hypoleucites,PuHyp,Fol,Sex,Apot,NaN,NaN,
99,6,7,19,29,19.4,97,2,27.4,Sarcographa intricans,SaIn,Cos,Sex,Lirel,NaN,NaN,
99,6,7,19,29,19.4,97,2,27.4,Thalloloma sp.,ThSp,Cos,NaN,NaN,NaN,NaN,
99,6,7,19,29,19.4,97,2,27.4,Thelotrema lepadium,ThLep,Cos,Sex,Apot,NaN,NaN,
100,15,39,19,29,19.4,97,2,27.4,Herpothallon philippinum,HePhi,Cos,Asex,Isid,Este,104,
100,15,39,19,29,19.4,97,2,27.4,Ocellularia sp. 1,OcSp1,Cos,NaN,NaN,NaN,NaN,
100,15,39,19,29,19.4,97,2,27.4,Sticta beauvoisii,StBea,Fol,Asex,Isid,NaN,NaN,
101,8,8,19,29,19.4,97,2,27.4,Herpothallon rubrocinctum,HeRub,Cos,Asex,Isid,NaN,NaN,
101,8,8,19,29,19.4,97,2,27.4,Leptogium cyanescens,LeCya,Fol,Asex,Isid,NaN,NaN,
102,5,4,19,29,19.4,97,2,27.4,Astrothelium degenerans,AsDeg,Cos,Sex,apot,NaN,NaN,
102,5,4,19,29,19.4,97,2,27.4,Graphis aff. dupaxana,GrDup,Cos,Sex,Lirel,NaN,NaN,
102,5,4,19,29,19.4,97,2,27.4,Lopezaria versicolor,LoVer,Cos,Sex,Apot,NaN,NaN,
102,5,4,19,29,19.4,97,2,27.4,Malmidea vinosa,MaVin,Cos,Sex,Apot,NaN,NaN,
102,5,4,19,29,19.4,97,2,27.4,Ocellularia landronii,OcLa,Cos,Sex,Apot,NaN,NaN,
102,5,4,19,29,19.4,97,2,27.4,Ocellularia praestantoides,OcPra,Cos,Sex,Apot,NaN,NaN,
102,5,4,19,29,19.4,97,2,27.4,Parmotrema flavescens,PaFla,Fol,Asex,Isid,NaN,NaN,
102,5,4,19,29,19.4,97,2,27.4,Parmotrema sp. ,PaSp,Fol,NaN,NaN,NaN,NaN,
102,5,4,19,29,19.4,97,2,27.4,Parmotrema subisidiosum,PaSub,Fol,Asex,Isid,NaN,NaN,
102,5,4,19,29,19.4,97,2,27.4,Pseudopyrenula subnudata,PsSu,Cos,Sex,Perit,NaN,NaN,
102,5,4,19,29,19.4,97,2,27.4,Sarcographa intricans,SaIn,Cos,Sex,Lirel,NaN,NaN,
102,5,4,19,29,19.4,97,2,27.4,Thelotrema lepadium,ThLep,Cos,Sex,Apot,NaN,NaN,
103,7,8,19,29,19.4,97,2,27.4,Graphis aff. dupaxana,GrDup,Cos,Sex,Lirel,NaN,NaN,
103,7,8,19,29,19.4,97,2,27.4,Graphis pinicola,GrPin,Cos,Sex,Lirel,NaN,NaN,
103,7,8,19,29,19.4,97,2,27.4,Graphis rimulosa,GrRim,Cos,Sex,Lirel,NaN,NaN,
103,7,8,19,29,19.4,97,2,27.4,Leptogium cyanescens,LeCya,Fol,Asex,Isid,NaN,NaN,
103,7,8,19,29,19.4,97,2,27.4,Malmidea vinosa,MaVin,Cos,Sex,Apot,NaN,NaN,
103,7,8,19,29,19.4,97,2,27.4,Parmotrema flavescens,PaFla,Fol,Asex,Isid,NaN,NaN,
103,7,8,19,29,19.4,97,2,27.4,Parmotrema subisidiosum,PaSub,Fol,Asex,Isid,NaN,NaN,
103,7,8,19,29,19.4,97,2,27.4,Porina nucula,PorNu,Cos,Sex,Perit,NaN,NaN,
103,7,8,19,29,19.4,97,2,27.4,Thalloloma sp.,ThSp,Cos,NaN,NaN,NaN,NaN,
103,7,8,19,29,19.4,97,2,27.4,Thelotrema lepadium,ThLep,Cos,Sex,Apot,NaN,NaN,
103,7,8,19,29,19.4,97,2,27.4,Usnea cf. brasiliensis,UsBra,Frut,Asex,Sor,NaN,NaN,
104,6,7,19,29,19.4,97,2,27.4,Graphis aff. dupaxana,GrDup,Cos,Sex,Lirel,NaN,NaN,
104,6,7,19,29,19.4,97,2,27.4,Graphis aff. immersicans,GrIm,Cos,Sex,Lirel,NaN,NaN,
104,6,7,19,29,19.4,97,2,27.4,Graphis ingarum,GrIng,Cos,Sex,Lirel,NaN,NaN,
104,6,7,19,29,19.4,97,2,27.4,Graphis rimulosa,GrRim,Cos,Sex,Lirel,NaN,NaN,
104,6,0.07,19,29,19.4,97,2,27.4,Hypotrachyna sp. ,HySp,Fol,NaN,NaN,NaN,NaN,
104,6,7,19,29,19.4,97,2,27.4,Hypotrachyna sp. ,HySp,Fol,NaN,NaN,NaN,NaN,
104,6,7,19,29,19.4,97,2,27.4,Lopezaria versicolor,LoVer,Cos,Sex,Apot,NaN,NaN,
104,6,7,19,29,19.4,97,2,27.4,Ocellularia landronii,OcLa,Cos,Sex,Apot,NaN,NaN,
104,6,7,19,29,19.4,97,2,27.4,Parmotrema flavescens,PaFla,Fol,Asex,Isid,NaN,NaN,
104,6,7,19,29,19.4,97,2,27.4,Parmotrema reticulatum,PaRet,Fol,Asex,Sor,NaN,NaN,
104,6,7,19,29,19.4,97,2,27.4,Parmotrema sp. ,PaSp,Fol,NaN,NaN,NaN,NaN,
104,6,7,19,29,19.4,97,2,27.4,Parmotrema subisidiosum,PaSub,Fol,Asex,Isid,NaN,NaN,
104,6,0.07,19,29,19.4,97,2,27.4,Polyblastidium japonicum,PolJa,Fol,Asex,Sor,NaN,NaN,
104,6,7,19,29,19.4,97,2,27.4,Sarcographa intricans,SaIn,Cos,Sex,Lirel,NaN,NaN,
104,6,7,19,29,19.4,97,2,27.4,Thalloloma sp.,ThSp,Cos,NaN,NaN,NaN,NaN,
104,6,7,19,29,19.4,97,2,27.4,Usnea cf. brasiliensis,UsBra,Frut,Asex,Sor,NaN,NaN,
105,11,13,19,29,19.4,97,2,27.4,Cladonia coniocraea,ClCon,Com,Sex,apot,NaN,NaN,
105,11,13,19,29,19.4,97,2,27.4,Herpothallon rubrocinctum,HeRub,Cos,Asex,Isid,NaN,NaN,
105,11,13,19,29,19.4,97,2,27.4,Parmotrema flavescens,PaFla,Fol,Asex,Isid,NaN,NaN,
105,11,13,19,29,19.4,97,2,27.4,Parmotrema reticulatum,PaRet,Fol,Asex,Sor,NaN,NaN,
106,6,8,19,29,19.4,97,2,27.4,Malmidea vinosa,MaVin,Cos,Sex,Apot,NaN,NaN,
106,6,8,19,29,19.4,97,2,27.4,Sarcographa intricans,SaIn,Cos,Sex,Lirel,NaN,NaN,
107,2,1,19,29,19.4,97,2,27.4,Graphis aff. dupaxana,GrDup,Cos,Sex,Lirel,NaN,NaN,
107,2,1,19,29,19.4,97,2,27.4,Graphis sp.,GrSp,Cos,Sex,Lirel,NaN,NaN,
107,2,1,19,29,19.4,97,2,27.4,Malmidea vinosa,MaVin,Cos,Sex,Apot,NaN,NaN,
107,2,1,19,29,19.4,97,2,27.4,Sarcographa intricans,SaIn,Cos,Sex,Lirel,NaN,NaN,
108,7,6,19,29,19.4,97,2,27.4,Herpothallon rubrocinctum,HeRub,Cos,Asex,Isid,NaN,NaN,
108,7,6,19,29,19.4,97,2,27.4,Hypotrachyna sp. ,HySp,Fol,NaN,NaN,NaN,NaN,
108,7,6,19,29,19.4,97,2,27.4,Parmotrema peralbidum,PaPer,Fol,Sex,Apot,NaN,NaN,
108,7,6,19,29,19.4,97,2,27.4,Parmotrema sp. ,PaSp,Fol,NaN,NaN,NaN,NaN,
109,2.5,2,19,29,19.4,97,2,27.4,Graphis aff. dupaxana,GrDup,Cos,Sex,Lirel,NaN,NaN,
109,2.5,2,19,29,19.4,97,2,27.4,Graphis aff. immersicans,GrIm,Cos,Sex,Lirel,NaN,NaN,
109,2.5,2,19,29,19.4,97,2,27.4,Graphis conferta,GrCon,Cos,Sex,Lirel,NaN,NaN,
109,2.5,2,19,29,19.4,97,2,27.4,Graphis sp.,GrSp,Cos,Sex,Lirel,NaN,NaN,
109,2.5,2,19,29,19.4,97,2,27.4,Lopezaria versicolor,LoVer,Cos,Sex,Apot,NaN,NaN,
109,2.5,2,19,29,19.4,97,2,27.4,Malmidea vinosa,MaVin,Cos,Sex,Apot,NaN,NaN,
109,2.5,2,19,29,19.4,97,2,27.4,Ocellularia subcarassensis,OcSbc,Cos,Sex,Apot,NaN,NaN,
109,2.5,2,19,29,19.4,97,2,27.4,Ocellularia subpyrenuloides,OcSbp,Cos,Sex,Apot,NaN,NaN,
109,2.5,2,19,29,19.4,97,2,27.4,Sarcographa intricans,SaIn,Cos,Sex,Lirel,NaN,NaN,
110,8,10,19,29,19.4,97,2,27.4,Graphis ingarum,GrIng,Cos,Sex,Lirel,NaN,NaN,
110,8,10,19,29,19.4,97,2,27.4,Herpothallon rubrocinctum,HeRub,Cos,Asex,Isid,NaN,NaN,
110,8,10,19,29,19.4,97,2,27.4,Parmotrema flavescens,PaFla,Fol,Asex,Isid,NaN,NaN,
111,12,17,19,29,19.4,97,2,27.4,Coccocarpia filiformis,CooFi,Fol,Sex,apot,NaN,NaN,
111,12,17,19,29,19.4,97,2,27.4,Herpothallon roseocintum,HeRos,Cos,Asex,Isid,NaN,NaN,
111,12,17,19,29,19.4,97,2,27.4,Herpothallon rubrocinctum,HeRub,Cos,Asex,Isid,NaN,NaN,
111,12,17,19,29,19.4,97,2,27.4,Phyllopsora cf. swinscowii,PhSwi,Cos,Asex,Isid,NaN,NaN,
112,11,10,19,29,19.4,97,2,27.4,Herpothallon philippinum,HePhi,Cos,Asex,Isid,Norte,4,
112,11,10,19,29,19.4,97,2,27.4,Herpothallon rubrocinctum,HeRub,Cos,Asex,Isid,NaN,NaN,
112,11,10,19,29,19.4,97,2,27.4,Leptogium cyanescens,LeCya,Fol,Asex,Isid,Norte,48,
112,11,10,19,29,19.4,97,2,27.4,Sticta beauvoisii,StBea,Fol,Asex,Isid,Norte,28,
113,18,21,19,29,19.4,97,2,27.4,Fibrillithecis confusa,FiCon,Cos,Asex,Isid,NaN,NaN,
113,18,21,19,29,19.4,97,2,27.4,Herpothallon rubrocinctum,HeRub,Cos,Asex,Isid,NaN,NaN,
113,18,21,19,29,19.4,97,2,27.4,Usnea cf. mexicana,UsMex,Frut,Asex,Sor,NaN,NaN,
113,18,21,19,29,19.4,97,2,27.4,Usnea sp.,UsSp,Frut,NaN,NaN,NaN,NaN,
114,2.5,2,19,29,19.4,97,2,27.4,Graphis aff. dupaxana,GrDup,Cos,Sex,Lirel,NaN,NaN,
114,2.5,2,19,29,19.4,97,2,27.4,Graphis conferta,GrCon,Cos,Sex,Lirel,NaN,NaN,
114,2.5,2,19,29,19.4,97,2,27.4,Malmidea vinosa,MaVin,Cos,Sex,Apot,Norte,20,
114,2.5,2,19,29,19.4,97,2,27.4,Parmotrema cf. subarnoldii,PaSba,Fol,Asex,Sor,NaN,NaN,
114,2.5,2,19,29,19.4,97,2,27.4,Parmotrema sp. ,PaSp,Fol,NaN,NaN,Norte,148,
114,2.5,2,19,29,19.4,97,2,27.4,Phaeographis aff. dendritica,PhDen,Cos,Sex,Lirel,NaN,NaN,
114,2.5,2,19,29,19.4,97,2,27.4,Sarcographa intricans,SaIn,Cos,Sex,Lirel,NaN,NaN,
115,15,7,19,29,19.4,97,2,27.4,Graphis aff. dupaxana,GrDup,Cos,Sex,Lirel,NaN,NaN,
115,15,7,19,29,19.4,97,2,27.4,Graphis anfractuosa,GrAnf,Cos,Sex,Lirel,NaN,NaN,
115,15,7,19,29,19.4,97,2,27.4,Graphis conferta,GrCon,Cos,Sex,Lirel,NaN,NaN,
115,15,7,19,29,19.4,97,2,27.4,Hypotrachyna cf. subformosana,HySub,Fol,Asex,Sor,NaN,NaN,
115,15,7,19,29,19.4,97,2,27.4,Hypotrachyna sp. ,HySp,Fol,NaN,NaN,NaN,NaN,
115,15,7,19,29,19.4,97,2,27.4,Malmidea vinosa,MaVin,Cos,Sex,Apot,NaN,NaN,
115,15,7,19,29,19.4,97,2,27.4,Ocellularia landronii,OcLa,Cos,Sex,Apot,NaN,NaN,
115,15,7,19,29,19.4,97,2,27.4,Parmotrema flavescens,PaFla,Fol,Asex,Isid,NaN,NaN,
115,15,7,19,29,19.4,97,2,27.4,Parmotrema sp. ,PaSp,Fol,NaN,NaN,NaN,NaN,
115,15,7,19,29,19.4,97,2,27.4,Parmotrema subisidiosum,PaSub,Fol,Asex,Isid,NaN,NaN,
115,15,7,19,29,19.4,97,2,27.4,Phlyctis boliviensis,PhBol,Cos,Sex,Apot,NaN,NaN,
115,15,7,19,29,19.4,97,2,27.4,Sarcographa intricans,SaIn,Cos,Sex,Lirel,NaN,NaN,
116,6.5,6,19,29,19.7,97,2,30.2,Parmotrema sp. ,PaSp,Fol,NaN,NaN,NaN,NaN,
116,6.5,6,19,29,19.7,97,2,30.2,Punctelia hypoleucites,PuHyp,Fol,Sex,Apot,NaN,NaN,
116,6.5,6,19,29,19.7,97,2,30.2,Usnea cf. mexicana,UsMex,Frut,Asex,Sor,NaN,NaN,
117,18,31,19,29,19.7,97,2,30.2,Graphis seminuda,GrSem,Cos,Sex,Lirel,NaN,NaN,
117,18,31,19,29,19.7,97,2,30.2,Herpothallon roseocintum,HeRos,Cos,Asex,Isid,Norte,60,
117,18,31,19,29,19.7,97,2,30.2,Herpothallon rubrocinctum,HeRub,Cos,Asex,Isid,NaN,NaN,
117,18,31,19,29,19.7,97,2,30.2,Herpothallon sp.,HeSp,Cos,Asex,Isid,NaN,NaN,
117,18,31,19,29,19.7,97,2,30.2,Parmotrema flavescens,PaFla,Fol,Asex,Isid,NaN,NaN,
117,18,31,19,29,19.7,97,2,30.2,Parmotrema peralbidum,PaPer,Fol,Sex,Apot,NaN,NaN,
117,18,31,19,29,19.7,97,2,30.2,Usnea cf. mexicana,UsMex,Frut,Asex,Sor,Norte,64,
118,5.5,10,19,29,19.7,97,2,30.2,Folioso sp,FoSp,Fol,,,Norte,8,
118,5.5,10,19,29,19.7,97,2,30.2,Herpothallon rubrocinctum,HeRub,Cos,Asex,Isid,Norte,8,
118,5.5,10,19,29,19.7,97,2,30.2,Parmotrema flavescens,PaFla,Fol,Asex,Isid,Norte,24,
119,2.5,5,19,29,19.7,97,2,30.2,Graphis pinicola,GrPin,Cos,Sex,Lirel,NaN,NaN,
119,2.5,5,19,29,19.7,97,2,30.2,Phaeographis sp.,PhSp,Cos,Sex,Lirel,Norte,4,
119,2.5,5,19,29,19.7,97,2,30.2,Thelotrema lepadium,ThLep,Cos,Sex,Apot,NaN,NaN,
120,7,8,19,29,19.7,97,2,30.2,Caloplaca flavorubescens,CaFla,Cos,Sex,apot,NaN,NaN,
120,7,8,19,29,19.7,97,2,30.2,Graphis aff. dupaxana,GrDup,Cos,Sex,Lirel,NaN,NaN,
120,7,8,19,29,19.7,97,2,30.2,Graphis anfractuosa,GrAnf,Cos,Sex,Lirel,NaN,NaN,
120,7,8,19,29,19.7,97,2,30.2,Graphis ingarum,GrIng,Cos,Sex,Lirel,NaN,NaN,
120,7,8,19,29,19.7,97,2,30.2,Graphis pinicola,GrPin,Cos,Sex,Lirel,NaN,NaN,
120,7,8,19,29,19.7,97,2,30.2,Graphis rimulosa,GrRim,Cos,Sex,Lirel,NaN,NaN,
120,7,8,19,29,19.7,97,2,30.2,Hypotrachyna sp. ,HySp,Fol,NaN,NaN,NaN,NaN,
120,7,8,19,29,19.7,97,2,30.2,Malmidea vinosa,MaVin,Cos,Sex,Apot,NaN,NaN,
120,7,8,19,29,19.7,97,2,30.2,Ocellularia landronii,OcLa,Cos,Sex,Apot,NaN,NaN,
120,7,8,19,29,19.7,97,2,30.2,Parmotrema peralbidum,PaPer,Fol,Sex,Apot,NaN,NaN,
120,7,8,19,29,19.7,97,2,30.2,Parmotrema subisidiosum,PaSub,Fol,Asex,Isid,NaN,NaN,
120,7,8,19,29,19.7,97,2,30.2,Pertusaria cf. tetrathalamia,PeTet,Cos,Sex,Apot,NaN,NaN,
120,7,8,19,29,19.7,97,2,30.2,Punctelia hypoleucites,PuHyp,Fol,Sex,Apot,NaN,NaN,
120,7,8,19,29,19.7,97,2,30.2,Sarcographa intricans,SaIn,Cos,Sex,Lirel,NaN,NaN,
121,25,44,19,29,19.7,97,2,30.2,Cladonia coniocraea,ClCon,Com,Sex,apot,NaN,NaN,
121,25,44,19,29,19.7,97,2,30.2,Herpothallon rubrocinctum,HeRub,Cos,Asex,Isid,NaN,NaN,
121,25,44,19,29,19.7,97,2,30.2,Hypotrachyna cf. isidiocera,HyIsi,Fol,Asex,Isid,NaN,NaN,
121,25,44,19,29,19.7,97,2,30.2,Hypotrachyna vexans,HyVex,Fol,Asex,Isid,NaN,NaN,
121,25,44,19,29,19.7,97,2,30.2,Ocellularia landronii,OcLa,Cos,Sex,Apot,NaN,NaN,
121,25,44,19,29,19.7,97,2,30.2,Ocellularia sp. 1,OcSp1,Cos,NaN,NaN,NaN,NaN,
121,25,44,19,29,19.7,97,2,30.2,Parmotrema flavescens,PaFla,Fol,Asex,Isid,NaN,NaN,
121,25,44,19,29,19.7,97,2,30.2,Thelotrema lepadium,ThLep,Cos,Sex,Apot,NaN,NaN,
121,25,44,19,29,19.7,97,2,30.2,Usnea cf. brasiliensis,UsBra,Frut,Asex,Sor,NaN,NaN,
122,11,47,19,29,19.7,97,2,30.2,Cladonia coniocraea,ClCon,Com,Sex,apot,Oeste,28,
122,11,47,19,29,19.7,97,2,30.2,Compuesto sp.,ComSt,Com,NaN,NaN,Oeste,4,
122,11,47,19,29,19.7,97,2,30.2,Herpothallon rubrocinctum,HeRub,Cos,Asex,Isid,NaN,NaN,
122,11,47,19,29,19.7,97,2,30.2,Hypotrachyna vexans,HyVex,Fol,Asex,Isid,Oeste,48,
122,11,47,19,29,19.7,97,2,30.2,Megalaria bengalensis,MeBen,Cos,Sex,Apot,NaN,NaN,
122,11,47,19,29,19.7,97,2,30.2,Usnea sp.,UsSp,Frut,NaN,NaN,Norte,8,
123,17,40,19,29,19.7,97,2,30.2,Compuesto sp.,ComSt,Com,NaN,NaN,Noreste,76,
123,17,40,19,29,19.7,97,2,30.2,Herpothallon philippinum,HePhi,Cos,Asex,Isid,NaN,NaN,
123,17,40,19,29,19.7,97,2,30.2,Herpothallon rubrocinctum,HeRub,Cos,Asex,Isid,Noreste,20,
123,17,40,19,29,19.7,97,2,30.2,Ocellularia sp. 1,OcSp1,Cos,NaN,NaN,Norte,28,
124,18,28,19,29,19.7,97,2,30.2,Herpothallon rubrocinctum,HeRub,Cos,Asex,Isid,Noreste,8,
125,15,55,19,29,19.7,97,2,30.2,Herpothallon roseocintum,HeRos,Cos,Asex,Isid,NaN,NaN,
125,15,55,19,29,19.7,97,2,30.2,Herpothallon rubrocinctum,HeRub,Cos,Asex,Isid,Norte,8,
126,25,43,19,29,19.7,97,2,30.2,Cladonia coniocraea,ClCon,Com,Sex,apot,NaN,NaN,
126,25,43,19,29,19.7,97,2,30.2,Fibrillithecis confusa,FiCon,Cos,Asex,Isid,Sur,12,
126,25,43,19,29,19.7,97,2,30.2,Herpothallon rubrocinctum,HeRub,Cos,Asex,Isid,Sur,24,
126,25,43,19,29,19.7,97,2,30.2,Herpothallon rubrocinctum,HeRub,Cos,Asex,Isid,Norte,8,
126,25,43,19,29,19.7,97,2,30.2,Hypotrachyna cf. punoensis,HyPun,Fol,Asex,Sor,NaN,NaN,
126,25,43,19,29,19.7,97,2,30.2,Hypotrachyna vexans,HyVex,Fol,Asex,Isid,Este,24,
126,25,43,19,29,19.7,97,2,30.2,Parmotrema cf. latissimum,PaLat,Fol,Sex,Apot,Sur,136,
126,25,43,19,29,19.7,97,2,30.2,Parmotrema flavescens,PaFla,Fol,Asex,Isid,Sur,124,
126,25,43,19,29,19.7,97,2,30.2,Usnea cf. brasiliensis,UsBra,Frut,Asex,Sor,Sur,16,
126,25,43,19,29,19.7,97,2,30.2,Usnea sp.,UsSp,Frut,NaN,NaN,NaN,NaN,
127,8.8,9,19,29,22.7,97,2,45.3,Brigantiaea leucoxantha,BrLeu,Cos,Sex,apot,NaN,NaN,
127,8.8,9,19,29,22.7,97,2,45.3,Cresponea sp.,ConSp,Cos,NaN,NaN,NaN,NaN,
127,8.8,9,19,29,22.7,97,2,45.3,Herpothallon rubrocinctum,HeRub,Cos,Asex,Isid,NaN,NaN,
127,8.8,9,19,29,22.7,97,2,45.3,Parmotrema subisidiosum,PaSub,Fol,Asex,Isid,NaN,NaN,
127,8.8,9,19,29,22.7,97,2,45.3,Pertusaria sp.,PeSp,Cos,NaN,NaN,NaN,NaN,
127,8.8,9,19,29,22.7,97,2,45.3,Thelotrema lepadium,ThLep,Cos,Sex,Apot,NaN,NaN,
127,8.8,9,19,29,22.7,97,2,45.3,Usnea cf. mexicana,UsMex,Frut,Asex,Sor,Norte,8,
128,3.5,5,19,29,22.7,97,2,45.3,Cladonia coniocraea,ClCon,Com,Sex,apot,NaN,NaN,
128,3.5,5,19,29,22.7,97,2,45.3,Graphis anfractuosa,GrAnf,Cos,Sex,Lirel,NaN,NaN,
128,3.5,5,19,29,22.7,97,2,45.3,Herpothallon roseocintum,HeRos,Cos,Asex,Isid,NaN,NaN,
128,3.5,5,19,29,22.7,97,2,45.3,Herpothallon rubrocinctum,HeRub,Cos,Asex,Isid,NaN,NaN,
128,3.5,5,19,29,22.7,97,2,45.3,Leptogium cyanescens,LeCya,Fol,Asex,Isid,NaN,NaN,
128,3.5,5,19,29,22.7,97,2,45.3,Lopezaria versicolor,LoVer,Cos,Sex,Apot,NaN,NaN,
128,3.5,5,19,29,22.7,97,2,45.3,Parmeliella sp.,ParSp,Fol,NaN,NaN,NaN,NaN,
128,3.5,5,19,29,22.7,97,2,45.3,Phaeographis spondaica,PhSpo,Cos,Sex,Lirel,NaN,NaN,
128,3.5,5,19,29,22.7,97,2,45.3,Phlyctis boliviensis,PhBol,Cos,Sex,Apot,NaN,NaN,
128,3.5,5,19,29,22.7,97,2,45.3,Sticta beauvoisii,StBea,Fol,Asex,Isid,NaN,NaN,
128,3.5,5,19,29,22.7,97,2,45.3,Thelotrema lepadium,ThLep,Cos,Sex,Apot,NaN,NaN,
128,3.5,5,19,29,22.7,97,2,45.3,Usnea sp.,UsSp,Frut,NaN,NaN,NaN,NaN,
129,3.5,4,19,29,22.7,97,2,45.3,Cladonia sp.,ClSp,Com,NaN,NaN,NaN,NaN,
129,3.5,4,19,29,22.7,97,2,45.3,Graphis aff. dupaxana,GrDup,Cos,Sex,Lirel,NaN,NaN,
129,3.5,4,19,29,22.7,97,2,45.3,Herpothallon rubrocinctum,HeRub,Cos,Asex,Isid,NaN,NaN,
129,3.5,4,19,29,22.7,97,2,45.3,Malmidea vinosa,MaVin,Cos,Sex,Apot,NaN,NaN,
129,3.5,4,19,29,22.7,97,2,45.3,Parmotrema flavescens,PaFla,Fol,Asex,Isid,NaN,NaN,
129,3.5,4,19,29,22.7,97,2,45.3,Parmotrema reticulatum,PaRet,Fol,Asex,Sor,NaN,NaN,
129,3.5,4,19,29,22.7,97,2,45.3,Pertusaria sp.,PeSp,Cos,NaN,NaN,NaN,NaN,
129,3.5,4,19,29,22.7,97,2,45.3,Phlyctis boliviensis,PhBol,Cos,Sex,Apot,NaN,NaN,
129,3.5,4,19,29,22.7,97,2,45.3,Polyblastidium japonicum,PolJa,Fol,Asex,Sor,NaN,NaN,
129,3.5,4,19,29,22.7,97,2,45.3,Sarcographa intricans,SaIn,Cos,Sex,Lirel,NaN,NaN,
129,3.5,4,19,29,22.7,97,2,45.3,Thelotrema lepadium,ThLep,Cos,Sex,Apot,NaN,NaN,
129,3.5,4,19,29,22.7,97,2,45.3,Usnea cf. mexicana,UsMex,Frut,Asex,Sor,NaN,NaN,
130,4.5,5,19,29,22.7,97,2,45.3,Fibrillithecis confusa,FiCon,Cos,Asex,Isid,NaN,NaN,
130,4.5,5,19,29,22.7,97,2,45.3,Graphis chlorotica,GrChl,Cos,Sex,Lirel,NaN,NaN,
130,4.5,5,19,29,22.7,97,2,45.3,Graphis seminuda,GrSem,Cos,Sex,Lirel,NaN,NaN,
130,4.5,5,19,29,22.7,97,2,45.3,Herpothallon rubrocinctum,HeRub,Cos,Asex,Isid,NaN,NaN,
130,4.5,5,19,29,22.7,97,2,45.3,Malmidea vinosa,MaVin,Cos,Sex,Apot,NaN,NaN,
130,4.5,5,19,29,22.7,97,2,45.3,Ocellularia landronii,OcLa,Cos,Sex,Apot,NaN,NaN,
130,4.5,5,19,29,22.7,97,2,45.3,Porina distans,PorDi,Cos,Asex,Isid,NaN,NaN,
130,4.5,5,19,29,22.7,97,2,45.3,Porina nucula,PorNu,Cos,Sex,Perit,NaN,NaN,
131,5.4,7,19,29,22.7,97,2,45.3,Astrothelium degenerans,AsDeg,Cos,Sex,apot,NaN,NaN,
131,5.4,7,19,29,22.7,97,2,45.3,Fibrillithecis confusa,FiCon,Cos,Asex,Isid,NaN,NaN,
131,5.4,7,19,29,22.7,97,2,45.3,Herpothallon rubrocinctum,HeRub,Cos,Asex,Isid,NaN,NaN,
131,5.4,7,19,29,22.7,97,2,45.3,Lopezaria versicolor,LoVer,Cos,Sex,Apot,NaN,NaN,
131,5.4,7,19,29,22.7,97,2,45.3,Parmotrema cf. subarnoldii,PaSba,Fol,Asex,Sor,NaN,NaN,
131,5.4,7,19,29,22.7,97,2,45.3,Pertusaria ventosa,PeVen,Cos,Sex,Apot,NaN,NaN,
131,5.4,7,19,29,22.7,97,2,45.3,Phlyctis boliviensis,PhBol,Cos,Sex,Apot,NaN,NaN,
131,5.4,7,19,29,22.7,97,2,45.3,Polyblastidium japonicum,PolJa,Fol,Asex,Sor,NaN,NaN,
131,5.4,7,19,29,22.7,97,2,45.3,Punctelia hypoleucites,PuHyp,Fol,Sex,Apot,NaN,NaN,
131,5.4,7,19,29,22.7,97,2,45.3,Usnea cf. mexicana,UsMex,Frut,Asex,Sor,NaN,NaN,
132,7,10,19,29,22.7,97,2,45.3,Erioderma sp.,ErRm,Fol,NaN,NaN,NaN,NaN,
132,7,10,19,29,22.7,97,2,45.3,Graphis conferta,GrCon,Cos,Sex,Lirel,NaN,NaN,
132,7,10,19,29,22.7,97,2,45.3,Herpothallon roseocintum,HeRos,Cos,Asex,Isid,NaN,NaN,
132,7,10,19,29,22.7,97,2,45.3,Herpothallon rubrocinctum,HeRub,Cos,Asex,Isid,NaN,NaN,
132,7,10,19,29,22.7,97,2,45.3,Leptogium cyanescens,LeCya,Fol,Asex,Isid,NaN,NaN,
132,7,10,19,29,22.7,97,2,45.3,Leucodermia cf. appalachensis,LeApp,Fol,Asex,Sor,NaN,NaN,
132,7,10,19,29,22.7,97,2,45.3,Parmotrema reticulatum,PaRet,Fol,Asex,Sor,NaN,NaN,
132,7,10,19,29,22.7,97,2,45.3,Parmotrema subisidiosum,PaSub,Fol,Asex,Isid,NaN,NaN,
132,7,10,19,29,22.7,97,2,45.3,Phyllopsora sp.,PhlSp,Cos,NaN,NaN,NaN,NaN,
132,7,10,19,29,22.7,97,2,45.3,Sticta beauvoisii,StBea,Fol,Asex,Isid,NaN,NaN,
132,7,10,19,29,22.7,97,2,45.3,Thelotrema lepadium,ThLep,Cos,Sex,Apot,NaN,NaN,
133,6.6,11,19,29,22.7,97,2,45.3,Phyllopsora sp.,PhlSp,Cos,NaN,NaN,NaN,NaN,
133,6.6,11,19,29,22.7,97,2,45.3,Sticta beauvoisii,StBea,Fol,Asex,Isid,NaN,NaN,
134,15,28,19,29,22.7,97,2,45.3,Hypotrachyna vexans,HyVex,Fol,Asex,Isid,NaN,NaN,
134,15,28,19,29,22.7,97,2,45.3,Parmotrema flavescens,PaFla,Fol,Asex,Isid,NaN,NaN,
134,15,28,19,29,22.7,97,2,45.3,Usnea cf. brasiliensis,UsBra,Frut,Asex,Sor,NaN,NaN,
134,15,28,19,29,22.7,97,2,45.3,Usnea cf. mexicana,UsMex,Frut,Asex,Sor,NaN,NaN,
135,8,10,19,29,22.7,97,2,45.3,Graphis pinicola,GrPin,Cos,Sex,Lirel,NaN,NaN,
135,8,10,19,29,22.7,97,2,45.3,Herpothallon rubrocinctum,HeRub,Cos,Asex,Isid,NaN,NaN,
135,8,10,19,29,22.7,97,2,45.3,Malmidea vinosa,MaVin,Cos,Sex,Apot,NaN,NaN,
135,8,10,19,29,22.7,97,2,45.3,Ocellularia subcarassensis,OcSbc,Cos,Sex,Apot,NaN,NaN,
135,8,10,19,29,22.7,97,2,45.3,Parmotrema cf. subarnoldii,PaSba,Fol,Asex,Sor,NaN,NaN,
135,8,10,19,29,22.7,97,2,45.3,Pertusaria cf. tetrathalamia,PeTet,Cos,Sex,Apot,NaN,NaN,
135,8,10,19,29,22.7,97,2,45.3,Ramalina leptocarpha,RaLpt,Frut,Sex,Apot,NaN,NaN,
136,15,15,19,29,22.7,97,2,45.3,Hypotrachyna cf. isidiocera,HyIsi,Fol,Asex,Isid,NaN,NaN,
136,15,15,19,29,22.7,97,2,45.3,Parmotrema flavescens,PaFla,Fol,Asex,Isid,NaN,NaN,
136,15,15,19,29,22.7,97,2,45.3,Pertusaria cf. tetrathalamia,PeTet,Cos,Sex,Apot,NaN,NaN,
137,3,3,19,29,22.7,97,2,45.3,Malmidea vinosa,MaVin,Cos,Sex,Apot,NaN,NaN,
137,3,3,19,29,22.7,97,2,45.3,Punctelia hypoleucites,PuHyp,Fol,Sex,Apot,NaN,NaN,
137,3,3,19,29,22.7,97,2,45.3,Thelotrema lepadium,ThLep,Cos,Sex,Apot,NaN,NaN,
138,9,13,19,29,22.7,97,2,45.3,Herpothallon philippinum,HePhi,Cos,Asex,Isid,NaN,NaN,
138,9,13,19,29,22.7,97,2,45.3,Herpothallon rubrocinctum,HeRub,Cos,Asex,Isid,NaN,NaN,
138,9,13,19,29,22.7,97,2,45.3,Ocellularia landronii,OcLa,Cos,Sex,Apot,NaN,NaN,
138,9,13,19,29,22.7,97,2,45.3,Thalloloma sp.,ThSp,Cos,NaN,NaN,NaN,NaN,
138,9,13,19,29,22.7,97,2,45.3,Thelotrema lepadium,ThLep,Cos,Sex,Apot,NaN,NaN,
139,7,8,19,29,22.7,97,2,45.3,Graphis ingarum,GrIng,Cos,Sex,Lirel,NaN,NaN,
139,7,8,19,29,22.7,97,2,45.3,Graphis leptoclada,GrLep,Cos,Sex,Lirel,NaN,NaN,
139,7,8,19,29,22.7,97,2,45.3,Herpothallon roseocintum,HeRos,Cos,Asex,Isid,NaN,NaN,
139,7,8,19,29,22.7,97,2,45.3,Hypotrachyna cf. punoensis,HyPun,Fol,Asex,Sor,NaN,NaN,
139,7,8,19,29,22.7,97,2,45.3,Hypotrachyna sp. ,HySp,Fol,NaN,NaN,NaN,NaN,
139,7,8,19,29,22.7,97,2,45.3,Malmidea vinosa,MaVin,Cos,Sex,Apot,NaN,NaN,
139,7,8,19,29,22.7,97,2,45.3,Ocellularia sp. 1,OcSp1,Cos,NaN,NaN,NaN,NaN,
139,7,8,19,29,22.7,97,2,45.3,Parmotrema flavescens,PaFla,Fol,Asex,Isid,NaN,NaN,
139,7,8,19,29,22.7,97,2,45.3,Phaeographis aff. dendritica,PhDen,Cos,Sex,Lirel,NaN,NaN,
139,7,8,19,29,22.7,97,2,45.3,Phyllopsora sp.,PhlSp,Cos,NaN,NaN,NaN,NaN,
139,7,8,19,29,22.7,97,2,45.3,Pseudopyrenula subnudata,PsSu,Cos,Sex,Perit,NaN,NaN,
139,7,8,19,29,22.7,97,2,45.3,Sarcographa intricans,SaIn,Cos,Sex,Lirel,NaN,NaN,
140,7,7,19,29,22.7,97,2,45.3,Herpothallon rubrocinctum,HeRub,Cos,Asex,Isid,NaN,NaN,
140,7,7,19,29,22.7,97,2,45.3,Malmidea vinosa,MaVin,Cos,Sex,Apot,NaN,NaN,
140,7,7,19,29,22.7,97,2,45.3,Phlyctis boliviensis,PhBol,Cos,Sex,Apot,NaN,NaN,
140,7,7,19,29,22.7,97,2,45.3,Phyllopsora sp.,PhlSp,Cos,NaN,NaN,NaN,NaN,
141,16,41,19,29,22.7,97,2,45.3,Graphis mexicana,GrMex,Cos,Sex,Lirel,Sur,16,
141,16,41,19,29,22.7,97,2,45.3,Hypotrachyna imbricatula,HyImb,Fol,Sex,Apot,Sur,4,
141,16,41,19,29,22.7,97,2,45.3,Hypotrachyna sp. ,HySp,Fol,NaN,NaN,Sur,8,
141,16,41,19,29,22.7,97,2,45.3,Leucodermia cf. appalachensis,LeApp,Fol,Asex,Sor,Sur,12,
141,16,41,19,29,22.7,97,2,45.3,Ocellularia sp. 1,OcSp1,Cos,NaN,NaN,Norte,12,
141,16,41,19,29,22.7,97,2,45.3,Parmotrema cf. subarnoldii,PaSba,Fol,Asex,Sor,Sur,8,
141,16,41,19,29,22.7,97,2,45.3,Parmotrema flavescens,PaFla,Fol,Asex,Isid,Sur,4,
141,16,41,19,29,22.7,97,2,45.3,Parmotrema flavescens,PaFla,Fol,Asex,Isid,Norte,56,
141,16,41,19,29,22.7,97,2,45.3,Usnea cf. mexicana,UsMex,Frut,Asex,Sor,Sur,28,
142,15.2,84,19,29,22.7,97,2,45.3,Herpothallon rubrocinctum,HeRub,Cos,Asex,Isid,Noreste,6,
142,15.2,84,19,29,22.7,97,2,45.3,Hypotrachyna vexans,HyVex,Fol,Asex,Isid,Noreste,10,
142,15.2,84,19,29,22.7,97,2,45.3,Parmotrema cf. commensuratum,PaCom,Fol,Asex,Sor,NaN,NaN,
142,15.2,84,19,29,22.7,97,2,45.3,Polyblastidium japonicum,PolJa,Fol,Asex,Sor,Noreste,12,
142,15.2,84,19,29,22.7,97,2,45.3,Usnea cf. subfloridana,UsSub,Frut,Asex,Sor,Sureoeste,16,
142,15.2,84,19,29,22.7,97,2,45.3,Usnea sp.,UsSp,Frut,NaN,NaN,Sureoeste,4,
143,25.9,71,19,29,22.7,97,2,45.3,Herpothallon rubrocinctum,HeRub,Cos,Asex,Isid,Sur,4,
143,25.9,71,19,29,22.7,97,2,45.3,Herpothallon rubrocinctum,HeRub,Cos,Asex,Isid,Norte,4,
143,25.9,71,19,29,22.7,97,2,45.3,Ocellularia sp. 1,OcSp1,Cos,NaN,NaN,Norte,22,
143,25.9,71,19,29,22.7,97,2,45.3,Parmotrema sp. ,PaSp,Fol,NaN,NaN,Sur,8,
143,25.9,71,19,29,22.7,97,2,45.3,Parmotrema subisidiosum,PaSub,Fol,Asex,Isid,Norte,10,
143,25.9,71,19,29,22.7,97,2,45.3,Usnea cf. brasiliensis,UsBra,Frut,Asex,Sor,Sur,4,
143,25.9,71,19,29,22.7,97,2,45.3,Usnea cf. subfloridana,UsSub,Frut,Asex,Sor,Sur,16,
143,25.9,71,19,29,22.7,97,2,45.3,Usnea sp.,UsSp,Frut,NaN,NaN,Sur,4,
144,7.4,16,19,29,26.6,97,2,20.6,Graphis chlorotica,GrChl,Cos,Sex,Lirel,NaN,NaN,
144,7.4,16,19,29,26.6,97,2,20.6,Graphis sp.,GrSp,Cos,Sex,Lirel,NaN,NaN,
144,7.4,16,19,29,26.6,97,2,20.6,Herpothallon roseocintum,HeRos,Cos,Asex,Isid,NaN,NaN,
144,7.4,16,19,29,26.6,97,2,20.6,Herpothallon rubrocinctum,HeRub,Cos,Asex,Isid,NaN,NaN,
144,7.4,16,19,29,26.6,97,2,20.6,Hypotrachyna sp. ,HySp,Fol,NaN,NaN,NaN,NaN,
144,7.4,16,19,29,26.6,97,2,20.6,Ocellularia sp. 2,OcSp2,Cos,NaN,NaN,NaN,NaN,
144,7.4,16,19,29,26.6,97,2,20.6,Ocellularia subcarassensis,OcSbc,Cos,Sex,Apot,NaN,NaN,
144,7.4,16,19,29,26.6,97,2,20.6,Parmotrema flavescens,PaFla,Fol,Asex,Isid,NaN,NaN,
145,8.8,25,19,29,26.6,97,2,20.6,Brigantiaea leucoxantha,BrLeu,Cos,Sex,apot,NaN,NaN,
145,8.8,25,19,29,26.6,97,2,20.6,Cladonia sp.,ClSp,Com,NaN,NaN,NaN,NaN,
145,8.8,25,19,29,26.6,97,2,20.6,Herpothallon rubrocinctum,HeRub,Cos,Asex,Isid,NaN,NaN,
145,8.8,25,19,29,26.6,97,2,20.6,Parmotrema flavescens,PaFla,Fol,Asex,Isid,NaN,NaN,
145,8.8,25,19,29,26.6,97,2,20.6,Usnea cf. mexicana,UsMex,Frut,Asex,Sor,NaN,NaN,
146,17.2,33,19,29,26.6,97,2,20.6,Cladonia coniocraea,ClCon,Com,Sex,apot,NaN,NaN,
146,17.2,33,19,29,26.6,97,2,20.6,Fibrillithecis confusa,FiCon,Cos,Asex,Isid,NaN,NaN,
146,17.2,33,19,29,26.6,97,2,20.6,Herpothallon roseocintum,HeRos,Cos,Asex,Isid,NaN,NaN,
146,17.2,33,19,29,26.6,97,2,20.6,Herpothallon rubrocinctum,HeRub,Cos,Asex,Isid,NaN,NaN,
146,17.2,33,19,29,26.6,97,2,20.6,Hypotrachyna vexans,HyVex,Fol,Asex,Isid,NaN,NaN,
146,17.2,33,19,29,26.6,97,2,20.6,Parmotrema flavescens,PaFla,Fol,Asex,Isid,NaN,NaN,
146,17.2,33,19,29,26.6,97,2,20.6,Peltigera polydactylon,PePol,Fol,Sex,Apot,NaN,NaN,
146,17.2,33,19,29,26.6,97,2,20.6,Polyblastidium japonicum,PolJa,Fol,Asex,Sor,NaN,NaN,
146,17.2,33,19,29,26.6,97,2,20.6,Punctelia hypoleucites,PuHyp,Fol,Sex,Apot,NaN,NaN,
146,17.2,33,19,29,26.6,97,2,20.6,Ramalina leptocarpha,RaLpt,Frut,Sex,Apot,NaN,NaN,
146,17.2,33,19,29,26.6,97,2,20.6,Sticta beauvoisii,StBea,Fol,Asex,Isid,NaN,NaN,
146,17.2,33,19,29,26.6,97,2,20.6,Usnea cf. brasiliensis,UsBra,Frut,Asex,Sor,NaN,NaN,
147,11,15,19,29,26.6,97,2,20.6,Graphis aff. dupaxana,GrDup,Cos,Sex,Lirel,NaN,NaN,
147,11,15,19,29,26.6,97,2,20.6,Graphis seminuda,GrSem,Cos,Sex,Lirel,NaN,NaN,
147,11,15,19,29,26.6,97,2,20.6,Hypotrachyna cf. punoensis,HyPun,Fol,Asex,Sor,NaN,NaN,
147,11,15,19,29,26.6,97,2,20.6,Malmidea vinosa,MaVin,Cos,Sex,Apot,NaN,NaN,
147,11,15,19,29,26.6,97,2,20.6,Parmotrema cf. latissimum,PaLat,Fol,Sex,Apot,NaN,NaN,
147,11,15,19,29,26.6,97,2,20.6,Parmotrema flavescens,PaFla,Fol,Asex,Isid,NaN,NaN,
147,11,15,19,29,26.6,97,2,20.6,Phaeographis aff. dendritica,PhDen,Cos,Sex,Lirel,NaN,NaN,
147,11,15,19,29,26.6,97,2,20.6,Phlyctis boliviensis,PhBol,Cos,Sex,Apot,NaN,NaN,
147,11,15,19,29,26.6,97,2,20.6,Ramalina leptocarpha,RaLpt,Frut,Sex,Apot,NaN,NaN,
147,11,15,19,29,26.6,97,2,20.6,Thelotrema lepadium,ThLep,Cos,Sex,Apot,NaN,NaN,
147,11,15,19,29,26.6,97,2,20.6,Usnea aff. cristatula,UsCri,Frut,Sex,Apot,NaN,NaN,
147,11,15,19,29,26.6,97,2,20.6,Usnea cf. subfloridana,UsSub,Frut,Asex,Sor,NaN,NaN,
148,4.2,5,19,29,26.6,97,2,20.6,Brigantiaea leucoxantha,BrLeu,Cos,Sex,apot,NaN,NaN,
148,4.2,5,19,29,26.6,97,2,20.6,Graphis aff. dupaxana,GrDup,Cos,Sex,Lirel,NaN,NaN,
148,4.2,5,19,29,26.6,97,2,20.6,Graphis aff. immersicans,GrIm,Cos,Sex,Lirel,NaN,NaN,
148,4.2,5,19,29,26.6,97,2,20.6,Graphis anfractuosa,GrAnf,Cos,Sex,Lirel,NaN,NaN,
148,4.2,5,19,29,26.6,97,2,20.6,Graphis conferta,GrCon,Cos,Sex,Lirel,NaN,NaN,
148,4.2,5,19,29,26.6,97,2,20.6,Graphis ingarum,GrIng,Cos,Sex,Lirel,NaN,NaN,
148,4.2,5,19,29,26.6,97,2,20.6,Graphis leptoclada,GrLep,Cos,Sex,Lirel,NaN,NaN,
148,4.2,5,19,29,26.6,97,2,20.6,Graphis rimulosa,GrRim,Cos,Sex,Lirel,NaN,NaN,
148,4.2,5,19,29,26.6,97,2,20.6,Graphis sp.,GrSp,Cos,Sex,Lirel,NaN,NaN,
148,4.2,5,19,29,26.6,97,2,20.6,Malmidea vinosa,MaVin,Cos,Sex,Apot,NaN,NaN,
148,4.2,5,19,29,26.6,97,2,20.6,Ocellularia landronii,OcLa,Cos,Sex,Apot,NaN,NaN,
148,4.2,5,19,29,26.6,97,2,20.6,Parmotrema sp. ,PaSp,Fol,NaN,NaN,NaN,NaN,
148,4.2,5,19,29,26.6,97,2,20.6,Pertusaria cf. tetrathalamia,PeTet,Cos,Sex,Apot,NaN,NaN,
148,4.2,5,19,29,26.6,97,2,20.6,Phaeographis aff. dendritica,PhDen,Cos,Sex,Lirel,NaN,NaN,
148,4.2,5,19,29,26.6,97,2,20.6,Phlyctis boliviensis,PhBol,Cos,Sex,Apot,NaN,NaN,
148,4.2,5,19,29,26.6,97,2,20.6,Usnea cf. subfloridana,UsSub,Frut,Asex,Sor,NaN,NaN,
149,6.8,9,19,29,26.6,97,2,20.6,Graphis aff. dupaxana,GrDup,Cos,Sex,Lirel,NaN,NaN,
149,6.8,9,19,29,26.6,97,2,20.6,Herpothallon rubrocinctum,HeRub,Cos,Asex,Isid,NaN,NaN,
149,6.8,9,19,29,26.6,97,2,20.6,Malmidea vinosa,MaVin,Cos,Sex,Apot,NaN,NaN,
149,6.8,9,19,29,26.6,97,2,20.6,Parmotrema cf. latissimum,PaLat,Fol,Sex,Apot,NaN,NaN,
149,6.8,9,19,29,26.6,97,2,20.6,Parmotrema flavescens,PaFla,Fol,Asex,Isid,NaN,NaN,
149,6.8,9,19,29,26.6,97,2,20.6,Phaeographis aff. dendritica,PhDen,Cos,Sex,Lirel,NaN,NaN,
149,6.8,9,19,29,26.6,97,2,20.6,Punctelia sp.,PuSp,Fol,NaN,NaN,NaN,NaN,
149,6.8,9,19,29,26.6,97,2,20.6,Remototrachyna aff. costaricensis,ReCst,Fol,Asex,Isid,NaN,NaN,
150,9.2,12,19,29,26.6,97,2,20.6,Graphis aff. dupaxana,GrDup,Cos,Sex,Lirel,NaN,NaN,
150,9.2,12,19,29,26.6,97,2,20.6,Graphis chlorotica,GrChl,Cos,Sex,Lirel,NaN,NaN,
150,9.2,12,19,29,26.6,97,2,20.6,Graphis conferta,GrCon,Cos,Sex,Lirel,NaN,NaN,
150,9.2,12,19,29,26.6,97,2,20.6,Graphis ingarum,GrIng,Cos,Sex,Lirel,NaN,NaN,
150,9.2,12,19,29,26.6,97,2,20.6,Graphis leptoclada,GrLep,Cos,Sex,Lirel,NaN,NaN,
150,9.2,12,19,29,26.6,97,2,20.6,Graphis seminuda,GrSem,Cos,Sex,Lirel,NaN,NaN,
150,9.2,12,19,29,26.6,97,2,20.6,Hypotrachyna sp. ,HySp,Fol,NaN,NaN,NaN,NaN,
150,9.2,12,19,29,26.6,97,2,20.6,Lopadium sp.,LoSp,Cos,NaN,NaN,NaN,NaN,
150,9.2,12,19,29,26.6,97,2,20.6,Lopezaria versicolor,LoVer,Cos,Sex,Apot,NaN,NaN,
150,9.2,12,19,29,26.6,97,2,20.6,Malmidea vinosa,MaVin,Cos,Sex,Apot,NaN,NaN,
150,9.2,12,19,29,26.6,97,2,20.6,Parmotrema flavescens,PaFla,Fol,Asex,Isid,NaN,NaN,
150,9.2,12,19,29,26.6,97,2,20.6,Pseudopyrenula subnudata,PsSu,Cos,Sex,Perit,NaN,NaN,
151,4.4,7,19,29,26.6,97,2,20.6,Graphis aff. dupaxana,GrDup,Cos,Sex,Lirel,NaN,NaN,
151,4.4,7,19,29,26.6,97,2,20.6,Graphis conferta,GrCon,Cos,Sex,Lirel,NaN,NaN,
151,4.4,7,19,29,26.6,97,2,20.6,Graphis ingarum,GrIng,Cos,Sex,Lirel,NaN,NaN,
151,4.4,7,19,29,26.6,97,2,20.6,Graphis leptoclada,GrLep,Cos,Sex,Lirel,NaN,NaN,
151,4.4,7,19,29,26.6,97,2,20.6,Graphis sp.,GrSp,Cos,Sex,Lirel,NaN,NaN,
151,4.4,7,19,29,26.6,97,2,20.6,Herpothallon rubrocinctum,HeRub,Cos,Asex,Isid,NaN,NaN,
151,4.4,7,19,29,26.6,97,2,20.6,Hypotrachyna cf. punoensis,HyPun,Fol,Asex,Sor,NaN,NaN,
151,4.4,7,19,29,26.6,97,2,20.6,Malmidea vinosa,MaVin,Cos,Sex,Apot,NaN,NaN,
151,4.4,7,19,29,26.6,97,2,20.6,Ocellularia landronii,OcLa,Cos,Sex,Apot,NaN,NaN,
151,4.4,7,19,29,26.6,97,2,20.6,Parmotrema flavescens,PaFla,Fol,Asex,Isid,NaN,NaN,
151,4.4,7,19,29,26.6,97,2,20.6,Parmotrema peralbidum,PaPer,Fol,Sex,Apot,NaN,NaN,
151,4.4,7,19,29,26.6,97,2,20.6,Phaeographis aff. dendritica,PhDen,Cos,Sex,Lirel,NaN,NaN,
152,1.8,3,19,29,26.6,97,2,20.6,Graphis aff. dupaxana,GrDup,Cos,Sex,Lirel,NaN,NaN,
152,1.8,3,19,29,26.6,97,2,20.6,Graphis aff. immersicans,GrIm,Cos,Sex,Lirel,NaN,NaN,
152,1.8,3,19,29,26.6,97,2,20.6,Graphis conferta,GrCon,Cos,Sex,Lirel,NaN,NaN,
152,1.8,3,19,29,26.6,97,2,20.6,Graphis ingarum,GrIng,Cos,Sex,Lirel,NaN,NaN,
152,1.8,3,19,29,26.6,97,2,20.6,Graphis leptoclada,GrLep,Cos,Sex,Lirel,NaN,NaN,
152,1.8,3,19,29,26.6,97,2,20.6,Graphis rimulosa,GrRim,Cos,Sex,Lirel,NaN,NaN,
152,1.8,3,19,29,26.6,97,2,20.6,Graphis sp.,GrSp,Cos,Sex,Lirel,NaN,NaN,
152,1.8,3,19,29,26.6,97,2,20.6,Lopezaria versicolor,LoVer,Cos,Sex,Apot,NaN,NaN,
152,1.8,3,19,29,26.6,97,2,20.6,Malmidea vinosa,MaVin,Cos,Sex,Apot,NaN,NaN,
152,1.8,3,19,29,26.6,97,2,20.6,Parmotrema flavescens,PaFla,Fol,Asex,Isid,NaN,NaN,
152,1.8,3,19,29,26.6,97,2,20.6,Phaeographis aff. dendritica,PhDen,Cos,Sex,Lirel,NaN,NaN,
153,12,8,19,29,26.6,97,2,20.6,Herpothallon rubrocinctum,HeRub,Cos,Asex,Isid,NaN,NaN,
153,12,8,19,29,26.6,97,2,20.6,Leptogium cyanescens,LeCya,Fol,Asex,Isid,NaN,NaN,
153,12,8,19,29,26.6,97,2,20.6,Leucodermia cf. appalachensis,LeApp,Fol,Asex,Sor,NaN,NaN,
153,12,8,19,29,26.6,97,2,20.6,Malmidea vinosa,MaVin,Cos,Sex,Apot,NaN,NaN,
153,12,8,19,29,26.6,97,2,20.6,Pertusaria ventosa,PeVen,Cos,Sex,Apot,NaN,NaN,
154,3.2,0.03,19,29,26.6,97,2,20.6,Brigantiaea leucoxantha,BrLeu,Cos,Sex,apot,NaN,NaN,
154,3.2,0.03,19,29,26.6,97,2,20.6,Graphis aff. dupaxana,GrDup,Cos,Sex,Lirel,NaN,NaN,
154,3.2,0.03,19,29,26.6,97,2,20.6,Graphis ingarum,GrIng,Cos,Sex,Lirel,NaN,NaN,
154,3.2,0.03,19,29,26.6,97,2,20.6,Malmidea vinosa,MaVin,Cos,Sex,Apot,NaN,NaN,
154,3.2,0.03,19,29,26.6,97,2,20.6,Parmotrema sp. ,PaSp,Fol,NaN,NaN,NaN,NaN,
154,3.2,0.03,19,29,26.6,97,2,20.6,Phlyctis boliviensis,PhBol,Cos,Sex,Apot,NaN,NaN,
155,21.3,39,19,29,26.6,97,2,20.6,Graphis ingarum,GrIng,Cos,Sex,Lirel,Sureste,4,
155,21.3,39,19,29,26.6,97,2,20.6,Hypotrachyna cf. punoensis,HyPun,Fol,Asex,Sor,Noroeste,116,
155,21.3,39,19,29,26.6,97,2,20.6,Hypotrachyna sp. ,HySp,Fol,NaN,NaN,Sureste,12,
155,21.3,39,19,29,26.6,97,2,20.6,Parmotrema flavescens,PaFla,Fol,Asex,Isid,Noroeste,44,
